iso_time,elapsed_s,imu_ready,imu_pitch_deg,imu_roll_deg,imu_pitch_rate_deg_s,imu_roll_rate_deg_s,mocap_valid,mocap_x_error_m,mocap_y_error_m,mocap_z_error_m,mocap_vx_m_s,mocap_vy_m_s,mocap_vz_m_s,mocap_yaw_error_deg,mocap_yaw_rate_deg_s,backend_loop_hz,tracking_loop_hz,frames_processed,valid_pose_frames,pose_success_rate,full_marker_detection_rate,cam1_full_detection_rate,cam2_full_detection_rate,cam1_leds,cam2_leds,spatial_data_valid,mapping_error_px,model_fit_error_m,scale_factor,position_x_m,position_y_m,position_z_m,velocity_x_m_s,velocity_y_m_s,velocity_z_m_s,yaw_deg,pitch_deg,roll_deg,control_active,control_armed,target_x_m,target_y_m,target_z_m,target_yaw_deg,limit_hover_throttle,limit_min_throttle,limit_max_throttle,limit_max_tilt_deg,limit_max_yaw_rate_deg,pid_xyPos_kp,pid_xyPos_ki,pid_xyPos_kd,pid_zPos_kp,pid_zPos_ki,pid_zPos_kd,pid_yawPos_kp,pid_yawPos_ki,pid_yawPos_kd,pid_xyVel_kp,pid_xyVel_ki,pid_xyVel_kd,pid_zVel_kp,pid_zVel_ki,pid_zVel_kd,pid_roll_kp,pid_roll_ki,pid_roll_kd,pid_pitch_kp,pid_pitch_ki,pid_pitch_kd,pid_yawRate_kp,pid_yawRate_ki,pid_yawRate_kd,serial_connected,serial_send_enabled,serial_send_ok,serial_payload_seq,serial_payload_size_bytes,bridge_serial_frames_rx,bridge_espnow_tx_attempts,bridge_espnow_tx_ok,bridge_espnow_tx_fail,bridge_oversize_drops,bridge_tx_rate_hz,bridge_last_tx_seq,bridge_last_tx_latency_us,controller_rx_packets,controller_rx_missing_packets,controller_rx_duplicate_packets,controller_rx_out_of_order_packets,controller_last_rx_seq,controller_loop_hz,controller_control_hz,controller_command_age_ms,controller_apply_latency_us,controller_motor_imbalance,motor_1_output,motor_2_output,motor_3_output,motor_4_output
2026-04-27T18:46:56.190,0.017,0,0.00,0.00,0.00,0.00,1,-0.0173,0.1300,0.2254,0.0000,0.0000,0.0000,5.16,2.88,56.09,64.67,1,1,1.00000,1.00000,1.00000,1.00000,3,3,1,23.80739,0.00246,1.04502,0.0173,-0.1300,0.0746,0.0000,0.0000,0.0000,-5.16,-9.63,179.92,1,1,0.0000,0.0000,0.3000,0.00,0.8500,0.3500,0.9200,6.00,180.00,0.850000,0.000000,0.000000,1.100000,0.000000,0.000000,1.200000,0.000000,0.000000,1.350000,0.000000,0.000000,0.850000,0.020000,0.000000,0.008000,0.000000,0.000600,0.008000,0.000000,0.000600,0.006000,0.000000,0.000000,1,1,1,1,230,512913,512913,304318,208559,0,60.00,3180,3700,0,0,0,0,0,0.00,0.00,0,0,0.0000,0.0000,0.0000,0.0000,0.0000
2026-04-27T18:46:56.208,0.034,0,0.00,0.00,0.00,0.00,1,-0.0171,0.1300,0.2253,0.0000,0.0000,0.0000,5.21,-2.83,56.72,63.61,2,2,1.00000,1.00000,1.00000,1.00000,3,3,1,23.81678,0.00255,1.04882,0.0171,-0.1300,0.0747,0.0000,0.0000,0.0000,-5.21,-9.79,179.77,1,1,0.0000,0.0000,0.3000,0.00,0.8500,0.3500,0.9200,6.00,180.00,0.850000,0.000000,0.000000,1.100000,0.000000,0.000000,1.200000,0.000000,0.000000,1.350000,0.000000,0.000000,0.850000,0.020000,0.000000,0.008000,0.000000,0.000600,0.008000,0.000000,0.000600,0.006000,0.000000,0.000000,1,1,1,2,230,512913,512913,304318,208559,0,60.00,3180,3700,0,0,0,0,0,0.00,0.00,0,0,0.0000,0.0000,0.0000,0.0000,0.0000
2026-04-27T18:46:56.225,0.052,0,0.00,0.00,0.00,0.00,1,-0.0173,0.1300,0.2253,0.0000,0.0000,0.0000,5.17,2.31,58.38,51.94,3,3,1.00000,1.00000,1.00000,1.00000,3,3,1,23.79956,0.00246,1.04758,0.0173,-0.1300,0.0747,0.0000,0.0000,0.0000,-5.17,-9.65,179.82,1,1,0.0000,0.0000,0.3000,0.00,0.8500,0.3500,0.9200,6.00,180.00,0.850000,0.000000,0.000000,1.100000,0.000000,0.000000,1.200000,0.000000,0.000000,1.350000,0.000000,0.000000,0.850000,0.020000,0.000000,0.008000,0.000000,0.000600,0.008000,0.000000,0.000600,0.006000,0.000000,0.000000,1,1,1,3,230,512913,512913,304318,208559,0,60.00,3180,3700,0,0,0,0,0,0.00,0.00,0,0,0.0000,0.0000,0.0000,0.0000,0.0000
2026-04-27T18:46:56.241,0.068,0,0.00,0.00,0.00,0.00,1,-0.0173,0.1298,0.2253,0.0000,0.0000,0.0000,5.17,0.00,58.18,58.39,4,4,1.00000,1.00000,1.00000,1.00000,3,3,1,23.80537,0.00236,1.04799,0.0173,-0.1298,0.0747,0.0000,0.0000,0.0000,-5.17,-9.50,179.82,1,1,0.0000,0.0000,0.3000,0.00,0.8500,0.3500,0.9200,6.00,180.00,0.850000,0.000000,0.000000,1.100000,0.000000,0.000000,1.200000,0.000000,0.000000,1.350000,0.000000,0.000000,0.850000,0.020000,0.000000,0.008000,0.000000,0.000600,0.008000,0.000000,0.000600,0.006000,0.000000,0.000000,1,1,1,4,229,512913,512913,304318,208559,0,60.00,3180,3700,0,0,0,0,0,0.00,0.00,0,0,0.0000,0.0000,0.0000,0.0000,0.0000
2026-04-27T18:46:56.257,0.083,0,0.00,0.00,0.00,0.00,1,-0.0174,0.1299,0.2253,0.0000,0.0000,0.0000,5.15,1.20,63.60,85.43,5,5,1.00000,1.00000,1.00000,1.00000,3,3,1,23.82140,0.00248,1.04736,0.0174,-0.1299,0.0747,0.0000,0.0000,0.0000,-5.15,-9.42,179.87,1,1,0.0000,0.0000,0.3000,0.00,0.8500,0.3500,0.9200,6.00,180.00,0.850000,0.000000,0.000000,1.100000,0.000000,0.000000,1.200000,0.000000,0.000000,1.350000,0.000000,0.000000,0.850000,0.020000,0.000000,0.008000,0.000000,0.000600,0.008000,0.000000,0.000600,0.006000,0.000000,0.000000,1,1,1,5,230,512913,512913,304318,208559,0,60.00,3180,3700,0,0,0,0,0,0.00,0.00,0,0,0.0000,0.0000,0.0000,0.0000,0.0000
2026-04-27T18:46:56.273,0.100,0,0.00,0.00,0.00,0.00,1,-0.0174,0.1300,0.2252,0.0000,0.0000,0.0000,5.11,2.25,64.14,52.89,6,6,1.00000,1.00000,1.00000,1.00000,3,3,1,23.81704,0.00235,1.04714,0.0174,-0.1300,0.0748,0.0000,0.0000,0.0000,-5.11,-9.31,179.87,1,1,0.0000,0.0000,0.3000,0.00,0.8500,0.3500,0.9200,6.00,180.00,0.850000,0.000000,0.000000,1.100000,0.000000,0.000000,1.200000,0.000000,0.000000,1.350000,0.000000,0.000000,0.850000,0.020000,0.000000,0.008000,0.000000,0.000600,0.008000,0.000000,0.000600,0.006000,0.000000,0.000000,1,1,1,6,230,512913,512913,304318,208559,0,60.00,3180,3700,0,0,0,0,0,0.00,0.00,0,0,0.0000,0.0000,0.0000,0.0000,0.0000
2026-04-27T18:46:56.292,0.119,0,0.00,0.00,0.00,0.00,1,-0.0173,0.1301,0.2253,0.0000,0.0000,0.0000,5.14,-1.70,59.74,51.65,7,7,1.00000,1.00000,1.00000,1.00000,3,3,1,23.79070,0.00257,1.04701,0.0173,-0.1301,0.0747,0.0000,0.0000,0.0000,-5.14,-9.50,179.98,1,1,0.0000,0.0000,0.3000,0.00,0.8500,0.3500,0.9200,6.00,180.00,0.850000,0.000000,0.000000,1.100000,0.000000,0.000000,1.200000,0.000000,0.000000,1.350000,0.000000,0.000000,0.850000,0.020000,0.000000,0.008000,0.000000,0.000600,0.008000,0.000000,0.000600,0.006000,0.000000,0.000000,1,1,1,7,229,512913,512913,304318,208559,0,60.00,3180,3700,0,0,0,0,0,0.00,0.00,0,0,0.0000,0.0000,0.0000,0.0000,0.0000
2026-04-27T18:46:56.307,0.133,0,0.00,0.00,0.00,0.00,1,-0.0174,0.1299,0.2253,0.0000,0.0000,0.0000,5.12,1.37,53.32,63.63,8,8,1.00000,1.00000,1.00000,1.00000,3,3,1,23.81864,0.00231,1.04941,0.0174,-0.1299,0.0747,0.0000,0.0000,0.0000,-5.12,-9.32,179.86,1,1,0.0000,0.0000,0.3000,0.00,0.8500,0.3500,0.9200,6.00,180.00,0.850000,0.000000,0.000000,1.100000,0.000000,0.000000,1.200000,0.000000,0.000000,1.350000,0.000000,0.000000,0.850000,0.020000,0.000000,0.008000,0.000000,0.000600,0.008000,0.000000,0.000600,0.006000,0.000000,0.000000,1,1,1,8,230,512913,512913,304318,208559,0,60.00,3180,3700,0,0,0,0,0,0.00,0.00,0,0,0.0000,0.0000,0.0000,0.0000,0.0000
2026-04-27T18:46:56.322,0.149,0,0.00,0.00,0.00,0.00,1,-0.0174,0.1300,0.2253,0.0000,0.0000,0.0000,5.10,1.25,66.74,59.97,9,9,1.00000,1.00000,1.00000,1.00000,3,3,1,23.76935,0.00238,1.04530,0.0174,-0.1300,0.0747,0.0000,0.0000,0.0000,-5.10,-9.30,179.94,1,1,0.0000,0.0000,0.3000,0.00,0.8500,0.3500,0.9200,6.00,180.00,0.850000,0.000000,0.000000,1.100000,0.000000,0.000000,1.200000,0.000000,0.000000,1.350000,0.000000,0.000000,0.850000,0.020000,0.000000,0.008000,0.000000,0.000600,0.008000,0.000000,0.000600,0.006000,0.000000,0.000000,1,1,1,9,228,512913,512913,304318,208559,0,60.00,3180,3700,0,0,0,0,0,0.00,0.00,0,0,0.0000,0.0000,0.0000,0.0000,0.0000
2026-04-27T18:46:56.339,0.166,0,0.00,0.00,0.00,0.00,1,-0.0174,0.1299,0.2254,0.0000,0.0000,0.0000,5.12,-1.22,64.69,59.72,10,10,1.00000,1.00000,1.00000,1.00000,3,3,1,23.79923,0.00244,1.04604,0.0174,-0.1299,0.0746,0.0000,0.0000,0.0000,-5.12,-9.39,179.90,1,1,0.0000,0.0000,0.3000,0.00,0.8500,0.3500,0.9200,6.00,180.00,0.850000,0.000000,0.000000,1.100000,0.000000,0.000000,1.200000,0.000000,0.000000,1.350000,0.000000,0.000000,0.850000,0.020000,0.000000,0.008000,0.000000,0.000600,0.008000,0.000000,0.000600,0.006000,0.000000,0.000000,1,1,1,10,229,512913,512913,304318,208559,0,60.00,3180,3700,0,0,0,0,0,0.00,0.00,0,0,0.0000,0.0000,0.0000,0.0000,0.0000
2026-04-27T18:46:56.355,0.182,0,0.00,0.00,0.00,0.00,1,-0.0171,0.1301,0.2252,-0.0141,-0.0113,0.0129,5.16,-2.28,60.98,76.56,11,11,1.00000,1.00000,1.00000,1.00000,3,3,1,23.79143,0.00257,1.04859,0.0171,-0.1301,0.0748,-0.0141,-0.0113,0.0129,-5.16,-9.62,179.92,1,1,0.0000,0.0000,0.3000,0.00,0.8500,0.3500,0.9200,6.00,180.00,0.850000,0.000000,0.000000,1.100000,0.000000,0.000000,1.200000,0.000000,0.000000,1.350000,0.000000,0.000000,0.850000,0.020000,0.000000,0.008000,0.000000,0.000600,0.008000,0.000000,0.000600,0.006000,0.000000,0.000000,1,1,1,11,244,512913,512913,304318,208559,0,60.00,3180,3700,0,0,0,0,0,0.00,0.00,0,0,0.0000,0.0000,0.0000,0.0000,0.0000
2026-04-27T18:46:56.373,0.199,0,0.00,0.00,0.00,0.00,1,-0.0173,0.1301,0.2253,0.0000,0.0000,0.0000,5.11,2.97,60.14,60.37,12,12,1.00000,1.00000,1.00000,1.00000,3,3,1,23.79629,0.00245,1.04593,0.0173,-0.1301,0.0747,0.0000,0.0000,0.0000,-5.11,-9.49,179.91,1,1,0.0000,0.0000,0.3000,0.00,0.8500,0.3500,0.9200,6.00,180.00,0.850000,0.000000,0.000000,1.100000,0.000000,0.000000,1.200000,0.000000,0.000000,1.350000,0.000000,0.000000,0.850000,0.020000,0.000000,0.008000,0.000000,0.000600,0.008000,0.000000,0.000600,0.006000,0.000000,0.000000,1,1,1,12,230,512913,512913,304318,208559,0,60.00,3180,3700,0,0,0,0,0,0.00,0.00,0,0,0.0000,0.0000,0.0000,0.0000,0.0000
2026-04-27T18:46:56.389,0.215,0,0.00,0.00,0.00,0.00,1,-0.0174,0.1301,0.2252,0.0000,0.0000,0.0000,5.09,1.30,58.31,48.88,13,13,1.00000,1.00000,1.00000,1.00000,3,3,1,23.85060,0.00245,1.04767,0.0174,-0.1301,0.0748,0.0000,0.0000,0.0000,-5.09,-9.37,179.96,1,1,0.0000,0.0000,0.3000,0.00,0.8500,0.3500,0.9200,6.00,180.00,0.850000,0.000000,0.000000,1.100000,0.000000,0.000000,1.200000,0.000000,0.000000,1.350000,0.000000,0.000000,0.850000,0.020000,0.000000,0.008000,0.000000,0.000600,0.008000,0.000000,0.000600,0.006000,0.000000,0.000000,1,1,1,13,230,512913,512913,304318,208559,0,60.00,3180,3700,0,0,0,0,0,0.00,0.00,0,0,0.0000,0.0000,0.0000,0.0000,0.0000
2026-04-27T18:46:56.406,0.232,0,0.00,0.00,0.00,0.00,1,-0.0173,0.1302,0.2250,0.0000,0.0000,0.0000,5.09,0.00,61.65,59.38,14,14,1.00000,1.00000,1.00000,1.00000,3,3,1,23.80304,0.00239,1.04906,0.0173,-0.1302,0.0750,0.0000,0.0000,0.0000,-5.09,-9.29,179.99,1,1,0.0000,0.0000,0.3000,0.00,0.8500,0.3500,0.9200,6.00,180.00,0.850000,0.000000,0.000000,1.100000,0.000000,0.000000,1.200000,0.000000,0.000000,1.350000,0.000000,0.000000,0.850000,0.020000,0.000000,0.008000,0.000000,0.000600,0.008000,0.000000,0.000600,0.006000,0.000000,0.000000,1,1,1,14,230,512913,512913,304318,208559,0,60.00,3180,3700,0,0,0,0,0,0.00,0.00,0,0,0.0000,0.0000,0.0000,0.0000,0.0000
2026-04-27T18:46:56.422,0.249,0,0.00,0.00,0.00,0.00,1,-0.0173,0.1300,0.2251,0.0000,0.0000,0.0000,5.14,-2.98,64.27,68.06,15,15,1.00000,1.00000,1.00000,1.00000,3,3,1,23.77786,0.00240,1.04909,0.0173,-0.1300,0.0749,0.0000,0.0000,0.0000,-5.14,-9.28,179.97,1,1,0.0000,0.0000,0.3000,0.00,0.8500,0.3500,0.9200,6.00,180.00,0.850000,0.000000,0.000000,1.100000,0.000000,0.000000,1.200000,0.000000,0.000000,1.350000,0.000000,0.000000,0.850000,0.020000,0.000000,0.008000,0.000000,0.000600,0.008000,0.000000,0.000600,0.006000,0.000000,0.000000,1,1,1,15,230,512913,512913,304318,208559,0,60.00,3180,3700,0,0,0,0,0,0.00,0.00,0,0,0.0000,0.0000,0.0000,0.0000,0.0000
2026-04-27T18:46:56.439,0.266,0,0.00,0.00,0.00,0.00,1,-0.0173,0.1300,0.2252,0.0000,0.0000,0.0000,5.13,0.86,58.05,52.33,16,16,1.00000,1.00000,1.00000,1.00000,3,3,1,23.76172,0.00236,1.04809,0.0173,-0.1300,0.0748,0.0000,0.0000,0.0000,-5.13,-9.26,179.88,1,1,0.0000,0.0000,0.3000,0.00,0.8500,0.3500,0.9200,6.00,180.00,0.850000,0.000000,0.000000,1.100000,0.000000,0.000000,1.200000,0.000000,0.000000,1.350000,0.000000,0.000000,0.850000,0.020000,0.000000,0.008000,0.000000,0.000600,0.008000,0.000000,0.000600,0.006000,0.000000,0.000000,1,1,1,16,230,512913,512913,304318,208559,0,60.00,3180,3700,0,0,0,0,0,0.00,0.00,0,0,0.0000,0.0000,0.0000,0.0000,0.0000
2026-04-27T18:46:56.456,0.282,0,0.00,0.00,0.00,0.00,1,-0.0174,0.1299,0.2251,0.0000,0.0000,0.0000,5.11,0.93,57.70,62.16,17,17,1.00000,1.00000,1.00000,1.00000,3,3,1,23.82057,0.00227,1.04778,0.0174,-0.1299,0.0749,0.0000,0.0000,0.0000,-5.11,-9.11,179.86,1,1,0.0000,0.0000,0.3000,0.00,0.8500,0.3500,0.9200,6.00,180.00,0.850000,0.000000,0.000000,1.100000,0.000000,0.000000,1.200000,0.000000,0.000000,1.350000,0.000000,0.000000,0.850000,0.020000,0.000000,0.008000,0.000000,0.000600,0.008000,0.000000,0.000600,0.006000,0.000000,0.000000,1,1,1,17,230,512913,512913,304318,208559,0,60.00,3180,3700,0,0,0,0,0,0.00,0.00,0,0,0.0000,0.0000,0.0000,0.0000,0.0000
2026-04-27T18:46:56.472,0.299,0,0.00,0.00,0.00,0.00,1,-0.0173,0.1299,0.2253,0.0000,0.0000,0.0000,5.13,-1.20,60.61,61.00,18,18,1.00000,1.00000,1.00000,1.00000,3,3,1,23.84489,0.00247,1.04813,0.0173,-0.1299,0.0747,0.0000,0.0000,0.0000,-5.13,-9.32,179.86,1,1,0.0000,0.0000,0.3000,0.00,0.8500,0.3500,0.9200,6.00,180.00,0.850000,0.000000,0.000000,1.100000,0.000000,0.000000,1.200000,0.000000,0.000000,1.350000,0.000000,0.000000,0.850000,0.020000,0.000000,0.008000,0.000000,0.000600,0.008000,0.000000,0.000600,0.006000,0.000000,0.000000,1,1,1,18,230,512913,512913,304318,208559,0,60.00,3180,3700,0,0,0,0,0,0.00,0.00,0,0,0.0000,0.0000,0.0000,0.0000,0.0000
2026-04-27T18:46:56.489,0.316,0,0.00,0.00,0.00,0.00,1,-0.0172,0.1301,0.2253,0.0000,0.0000,0.0000,5.14,-0.60,59.99,58.13,19,19,1.00000,1.00000,1.00000,1.00000,3,3,1,23.80397,0.00249,1.04806,0.0172,-0.1301,0.0747,0.0000,0.0000,0.0000,-5.14,-9.59,179.81,1,1,0.0000,0.0000,0.3000,0.00,0.8500,0.3500,0.9200,6.00,180.00,0.850000,0.000000,0.000000,1.100000,0.000000,0.000000,1.200000,0.000000,0.000000,1.350000,0.000000,0.000000,0.850000,0.020000,0.000000,0.008000,0.000000,0.000600,0.008000,0.000000,0.000600,0.006000,0.000000,0.000000,1,1,1,19,230,512913,512913,304318,208559,0,60.00,3180,3700,0,0,0,0,0,0.00,0.00,0,0,0.0000,0.0000,0.0000,0.0000,0.0000
2026-04-27T18:46:56.506,0.332,0,0.00,0.00,0.00,0.00,1,-0.0174,0.1300,0.2253,0.0000,0.0000,0.0000,5.09,2.87,59.91,62.59,20,20,1.00000,1.00000,1.00000,1.00000,3,3,1,23.80391,0.00229,1.04834,0.0174,-0.1300,0.0747,0.0000,0.0000,0.0000,-5.09,-9.36,179.78,1,1,0.0000,0.0000,0.3000,0.00,0.8500,0.3500,0.9200,6.00,180.00,0.850000,0.000000,0.000000,1.100000,0.000000,0.000000,1.200000,0.000000,0.000000,1.350000,0.000000,0.000000,0.850000,0.020000,0.000000,0.008000,0.000000,0.000600,0.008000,0.000000,0.000600,0.006000,0.000000,0.000000,1,1,1,20,230,512913,512913,304318,208559,0,60.00,3180,3700,0,0,0,0,0,0.00,0.00,0,0,0.0000,0.0000,0.0000,0.0000,0.0000
2026-04-27T18:46:56.522,0.349,0,0.00,0.00,0.00,0.00,1,-0.0172,0.1301,0.2254,0.0000,0.0000,0.0000,5.11,-1.40,60.07,57.37,21,21,1.00000,1.00000,1.00000,1.00000,3,3,1,23.81066,0.00253,1.04687,0.0172,-0.1301,0.0746,0.0000,0.0000,0.0000,-5.11,-9.65,179.81,1,1,0.0000,0.0000,0.3000,0.00,0.8500,0.3500,0.9200,6.00,180.00,0.850000,0.000000,0.000000,1.100000,0.000000,0.000000,1.200000,0.000000,0.000000,1.350000,0.000000,0.000000,0.850000,0.020000,0.000000,0.008000,0.000000,0.000600,0.008000,0.000000,0.000600,0.006000,0.000000,0.000000,1,1,1,21,230,512913,512913,304318,208559,0,60.00,3180,3700,0,0,0,0,0,0.00,0.00,0,0,0.0000,0.0000,0.0000,0.0000,0.0000
2026-04-27T18:46:56.539,0.366,0,0.00,0.00,0.00,0.00,1,-0.0173,0.1299,0.2254,0.0000,0.0000,0.0000,5.15,-2.30,59.93,61.55,22,22,1.00000,1.00000,1.00000,1.00000,3,3,1,23.79223,0.00242,1.04748,0.0173,-0.1299,0.0746,0.0000,0.0000,0.0000,-5.15,-9.51,179.88,1,1,0.0000,0.0000,0.3000,0.00,0.8500,0.3500,0.9200,6.00,180.00,0.850000,0.000000,0.000000,1.100000,0.000000,0.000000,1.200000,0.000000,0.000000,1.350000,0.000000,0.000000,0.850000,0.020000,0.000000,0.008000,0.000000,0.000600,0.008000,0.000000,0.000600,0.006000,0.000000,0.000000,1,1,1,22,230,512913,512913,304318,208559,0,60.00,3180,3700,0,0,0,0,0,0.00,0.00,0,0,0.0000,0.0000,0.0000,0.0000,0.0000
2026-04-27T18:46:56.556,0.382,0,0.00,0.00,0.00,0.00,1,-0.0172,0.1299,0.2253,0.0000,0.0000,0.0000,5.23,-4.69,60.13,58.34,23,23,1.00000,1.00000,1.00000,1.00000,3,3,1,23.82097,0.00266,1.04958,0.0172,-0.1299,0.0747,0.0000,0.0000,0.0000,-5.23,-9.77,179.91,1,1,0.0000,0.0000,0.3000,0.00,0.8500,0.3500,0.9200,6.00,180.00,0.850000,0.000000,0.000000,1.100000,0.000000,0.000000,1.200000,0.000000,0.000000,1.350000,0.000000,0.000000,0.850000,0.020000,0.000000,0.008000,0.000000,0.000600,0.008000,0.000000,0.000600,0.006000,0.000000,0.000000,1,1,1,23,230,512913,512913,304318,208559,0,60.00,3180,3700,0,0,0,0,0,0.00,0.00,0,0,0.0000,0.0000,0.0000,0.0000,0.0000
2026-04-27T18:46:56.572,0.399,0,0.00,0.00,0.00,0.00,1,-0.0173,0.1300,0.2253,0.0000,0.0000,0.0000,5.21,1.17,60.08,61.27,24,24,1.00000,1.00000,1.00000,1.00000,3,3,1,23.78878,0.00255,1.04883,0.0173,-0.1300,0.0747,0.0000,0.0000,0.0000,-5.21,-9.73,179.89,1,1,0.0000,0.0000,0.3000,0.00,0.8500,0.3500,0.9200,6.00,180.00,0.850000,0.000000,0.000000,1.100000,0.000000,0.000000,1.200000,0.000000,0.000000,1.350000,0.000000,0.000000,0.850000,0.020000,0.000000,0.008000,0.000000,0.000600,0.008000,0.000000,0.000600,0.006000,0.000000,0.000000,1,1,1,24,230,512913,512913,304318,208559,0,60.00,3180,3700,0,0,0,0,0,0.00,0.00,0,0,0.0000,0.0000,0.0000,0.0000,0.0000
2026-04-27T18:46:56.589,0.416,0,0.00,0.00,0.00,0.00,1,-0.0173,0.1300,0.2254,0.0000,0.0000,0.0000,5.19,1.18,62.17,58.55,25,25,1.00000,1.00000,1.00000,1.00000,3,3,1,23.79256,0.00240,1.04724,0.0173,-0.1300,0.0746,0.0000,0.0000,0.0000,-5.19,-9.57,179.84,1,1,0.0000,0.0000,0.3000,0.00,0.8500,0.3500,0.9200,6.00,180.00,0.850000,0.000000,0.000000,1.100000,0.000000,0.000000,1.200000,0.000000,0.000000,1.350000,0.000000,0.000000,0.850000,0.020000,0.000000,0.008000,0.000000,0.000600,0.008000,0.000000,0.000600,0.006000,0.000000,0.000000,1,1,1,25,230,512913,512913,304318,208559,0,60.00,3180,3700,0,0,0,0,0,0.00,0.00,0,0,0.0000,0.0000,0.0000,0.0000,0.0000
2026-04-27T18:46:56.606,0.432,0,0.00,0.00,0.00,0.00,1,-0.0175,0.1300,0.2254,0.0000,0.0000,0.0000,5.15,2.46,57.36,60.87,26,26,1.00000,1.00000,1.00000,1.00000,3,3,1,23.80672,0.00245,1.04901,0.0175,-0.1300,0.0746,0.0000,0.0000,0.0000,-5.15,-9.43,179.89,1,1,0.0000,0.0000,0.3000,0.00,0.8500,0.3500,0.9200,6.00,180.00,0.850000,0.000000,0.000000,1.100000,0.000000,0.000000,1.200000,0.000000,0.000000,1.350000,0.000000,0.000000,0.850000,0.020000,0.000000,0.008000,0.000000,0.000600,0.008000,0.000000,0.000600,0.006000,0.000000,0.000000,1,1,1,26,230,512913,512913,304318,208559,0,60.00,3180,3700,0,0,0,0,0,0.00,0.00,0,0,0.0000,0.0000,0.0000,0.0000,0.0000
2026-04-27T18:46:56.610,0.436,0,0.00,0.00,0.00,0.00,0,0.0000,0.0000,0.3000,0.0000,0.0000,0.0000,0.00,0.00,60.36,100.44,27,26,0.96296,0.96296,1.00000,0.96296,3,0,0,0.00000,0.00000,1.00000,0.0000,0.0000,0.0000,0.0000,0.0000,0.0000,0.00,0.00,0.00,1,1,0.0000,0.0000,0.3000,0.00,0.8500,0.3500,0.9200,6.00,180.00,0.850000,0.000000,0.000000,1.100000,0.000000,0.000000,1.200000,0.000000,0.000000,1.350000,0.000000,0.000000,0.850000,0.020000,0.000000,0.008000,0.000000,0.000600,0.008000,0.000000,0.000600,0.006000,0.000000,0.000000,1,1,1,27,205,512913,512913,304318,208559,0,60.00,3180,3700,0,0,0,0,0,0.00,0.00,0,0,0.0000,0.0000,0.0000,0.0000,0.0000
2026-04-27T18:46:56.634,0.460,0,0.00,0.00,0.00,0.00,0,0.0000,0.0000,0.3000,0.0000,0.0000,0.0000,0.00,0.00,341.08,43.54,28,26,0.92857,0.92857,0.96429,0.92857,0,0,0,0.00000,0.00000,1.00000,0.0000,0.0000,0.0000,0.0000,0.0000,0.0000,0.00,0.00,0.00,1,1,0.0000,0.0000,0.3000,0.00,0.8500,0.3500,0.9200,6.00,180.00,0.850000,0.000000,0.000000,1.100000,0.000000,0.000000,1.200000,0.000000,0.000000,1.350000,0.000000,0.000000,0.850000,0.020000,0.000000,0.008000,0.000000,0.000600,0.008000,0.000000,0.000600,0.006000,0.000000,0.000000,1,1,1,28,205,512913,512913,304318,208559,0,60.00,3180,3700,0,0,0,0,0,0.00,0.00,0,0,0.0000,0.0000,0.0000,0.0000,0.0000
2026-04-27T18:46:56.647,0.474,0,0.00,0.00,0.00,0.00,0,0.0000,0.0000,0.3000,0.0000,0.0000,0.0000,0.00,0.00,39.97,67.12,29,26,0.89655,0.89655,0.93103,0.89655,0,0,0,0.00000,0.00000,1.00000,0.0000,0.0000,0.0000,0.0000,0.0000,0.0000,0.00,0.00,0.00,1,1,0.0000,0.0000,0.3000,0.00,0.8500,0.3500,0.9200,6.00,180.00,0.850000,0.000000,0.000000,1.100000,0.000000,0.000000,1.200000,0.000000,0.000000,1.350000,0.000000,0.000000,0.850000,0.020000,0.000000,0.008000,0.000000,0.000600,0.008000,0.000000,0.000600,0.006000,0.000000,0.000000,1,1,1,29,205,512913,512913,304318,208559,0,60.00,3180,3700,0,0,0,0,0,0.00,0.00,0,0,0.0000,0.0000,0.0000,0.0000,0.0000
2026-04-27T18:46:56.666,0.493,0,0.00,0.00,0.00,0.00,0,0.0000,0.0000,0.3000,0.0000,0.0000,0.0000,0.00,0.00,77.84,55.70,30,26,0.86667,0.86667,0.90000,0.86667,0,0,0,0.00000,0.00000,1.00000,0.0000,0.0000,0.0000,0.0000,0.0000,0.0000,0.00,0.00,0.00,1,1,0.0000,0.0000,0.3000,0.00,0.8500,0.3500,0.9200,6.00,180.00,0.850000,0.000000,0.000000,1.100000,0.000000,0.000000,1.200000,0.000000,0.000000,1.350000,0.000000,0.000000,0.850000,0.020000,0.000000,0.008000,0.000000,0.000600,0.008000,0.000000,0.000600,0.006000,0.000000,0.000000,1,1,1,30,205,512913,512913,304318,208559,0,60.00,3180,3700,0,0,0,0,0,0.00,0.00,0,0,0.0000,0.0000,0.0000,0.0000,0.0000
2026-04-27T18:46:56.683,0.510,0,0.00,0.00,0.00,0.00,0,0.0000,0.0000,0.3000,0.0000,0.0000,0.0000,0.00,0.00,49.66,57.37,31,26,0.83871,0.83871,0.87097,0.83871,0,0,0,0.00000,0.00000,1.00000,0.0000,0.0000,0.0000,0.0000,0.0000,0.0000,0.00,0.00,0.00,1,1,0.0000,0.0000,0.3000,0.00,0.8500,0.3500,0.9200,6.00,180.00,0.850000,0.000000,0.000000,1.100000,0.000000,0.000000,1.200000,0.000000,0.000000,1.350000,0.000000,0.000000,0.850000,0.020000,0.000000,0.008000,0.000000,0.000600,0.008000,0.000000,0.000600,0.006000,0.000000,0.000000,1,1,1,31,205,512913,512913,304318,208559,0,60.00,3180,3700,0,0,0,0,0,0.00,0.00,0,0,0.0000,0.0000,0.0000,0.0000,0.0000
2026-04-27T18:46:56.700,0.527,0,0.00,0.00,0.00,0.00,0,0.0000,0.0000,0.3000,0.0000,0.0000,0.0000,0.00,0.00,63.33,61.36,32,26,0.81250,0.81250,0.84375,0.81250,0,0,0,0.00000,0.00000,1.00000,0.0000,0.0000,0.0000,0.0000,0.0000,0.0000,0.00,0.00,0.00,1,1,0.0000,0.0000,0.3000,0.00,0.8500,0.3500,0.9200,6.00,180.00,0.850000,0.000000,0.000000,1.100000,0.000000,0.000000,1.200000,0.000000,0.000000,1.350000,0.000000,0.000000,0.850000,0.020000,0.000000,0.008000,0.000000,0.000600,0.008000,0.000000,0.000600,0.006000,0.000000,0.000000,1,1,1,32,205,512913,512913,304318,208559,0,60.00,3180,3700,0,0,0,0,0,0.00,0.00,0,0,0.0000,0.0000,0.0000,0.0000,0.0000
2026-04-27T18:46:56.717,0.544,0,0.00,0.00,0.00,0.00,0,0.0000,0.0000,0.3000,0.0000,0.0000,0.0000,0.00,0.00,56.16,59.80,33,26,0.78788,0.78788,0.81818,0.78788,0,0,0,0.00000,0.00000,1.00000,0.0000,0.0000,0.0000,0.0000,0.0000,0.0000,0.00,0.00,0.00,1,1,0.0000,0.0000,0.3000,0.00,0.8500,0.3500,0.9200,6.00,180.00,0.850000,0.000000,0.000000,1.100000,0.000000,0.000000,1.200000,0.000000,0.000000,1.350000,0.000000,0.000000,0.850000,0.020000,0.000000,0.008000,0.000000,0.000600,0.008000,0.000000,0.000600,0.006000,0.000000,0.000000,1,1,1,33,205,512913,512913,304318,208559,0,60.00,3180,3700,0,0,0,0,0,0.00,0.00,0,0,0.0000,0.0000,0.0000,0.0000,0.0000
2026-04-27T18:46:56.730,0.557,0,0.00,0.00,0.00,0.00,0,0.0000,0.0000,0.3000,0.0000,0.0000,0.0000,0.00,0.00,59.91,68.58,34,26,0.76471,0.76471,0.79412,0.76471,0,0,0,0.00000,0.00000,1.00000,0.0000,0.0000,0.0000,0.0000,0.0000,0.0000,0.00,0.00,0.00,1,1,0.0000,0.0000,0.3000,0.00,0.8500,0.3500,0.9200,6.00,180.00,0.850000,0.000000,0.000000,1.100000,0.000000,0.000000,1.200000,0.000000,0.000000,1.350000,0.000000,0.000000,0.850000,0.020000,0.000000,0.008000,0.000000,0.000600,0.008000,0.000000,0.000600,0.006000,0.000000,0.000000,1,1,1,34,205,512913,512913,304318,208559,0,60.00,3180,3700,0,0,0,0,0,0.00,0.00,0,0,0.0000,0.0000,0.0000,0.0000,0.0000
2026-04-27T18:46:56.750,0.577,0,0.00,0.00,0.00,0.00,0,0.0000,0.0000,0.3000,0.0000,0.0000,0.0000,0.00,0.00,79.61,53.30,35,26,0.74286,0.74286,0.77143,0.74286,0,0,0,0.00000,0.00000,1.00000,0.0000,0.0000,0.0000,0.0000,0.0000,0.0000,0.00,0.00,0.00,1,1,0.0000,0.0000,0.3000,0.00,0.8500,0.3500,0.9200,6.00,180.00,0.850000,0.000000,0.000000,1.100000,0.000000,0.000000,1.200000,0.000000,0.000000,1.350000,0.000000,0.000000,0.850000,0.020000,0.000000,0.008000,0.000000,0.000600,0.008000,0.000000,0.000600,0.006000,0.000000,0.000000,1,1,1,35,205,512913,512913,304318,208559,0,60.00,3180,3700,0,0,0,0,0,0.00,0.00,0,0,0.0000,0.0000,0.0000,0.0000,0.0000
2026-04-27T18:46:56.766,0.593,0,0.00,0.00,0.00,0.00,0,0.0000,0.0000,0.3000,0.0000,0.0000,0.0000,0.00,0.00,48.15,58.29,36,26,0.72222,0.72222,0.75000,0.72222,0,0,0,0.00000,0.00000,1.00000,0.0000,0.0000,0.0000,0.0000,0.0000,0.0000,0.00,0.00,0.00,1,1,0.0000,0.0000,0.3000,0.00,0.8500,0.3500,0.9200,6.00,180.00,0.850000,0.000000,0.000000,1.100000,0.000000,0.000000,1.200000,0.000000,0.000000,1.350000,0.000000,0.000000,0.850000,0.020000,0.000000,0.008000,0.000000,0.000600,0.008000,0.000000,0.000600,0.006000,0.000000,0.000000,1,1,1,36,205,512913,512913,304318,208559,0,60.00,3180,3700,0,0,0,0,0,0.00,0.00,0,0,0.0000,0.0000,0.0000,0.0000,0.0000
2026-04-27T18:46:56.782,0.609,0,0.00,0.00,0.00,0.00,0,0.0000,0.0000,0.3000,0.0000,0.0000,0.0000,0.00,0.00,60.73,62.54,37,26,0.70270,0.70270,0.72973,0.70270,0,0,0,0.00000,0.00000,1.00000,0.0000,0.0000,0.0000,0.0000,0.0000,0.0000,0.00,0.00,0.00,1,1,0.0000,0.0000,0.3000,0.00,0.8500,0.3500,0.9200,6.00,180.00,0.850000,0.000000,0.000000,1.100000,0.000000,0.000000,1.200000,0.000000,0.000000,1.350000,0.000000,0.000000,0.850000,0.020000,0.000000,0.008000,0.000000,0.000600,0.008000,0.000000,0.000600,0.006000,0.000000,0.000000,1,1,1,37,205,512913,512913,304318,208559,0,60.00,3180,3700,0,0,0,0,0,0.00,0.00,0,0,0.0000,0.0000,0.0000,0.0000,0.0000
2026-04-27T18:46:56.800,0.627,0,0.00,0.00,0.00,0.00,0,0.0000,0.0000,0.3000,0.0000,0.0000,0.0000,0.00,0.00,58.94,66.40,38,26,0.68421,0.68421,0.71053,0.68421,0,0,0,0.00000,0.00000,1.00000,0.0000,0.0000,0.0000,0.0000,0.0000,0.0000,0.00,0.00,0.00,1,1,0.0000,0.0000,0.3000,0.00,0.8500,0.3500,0.9200,6.00,180.00,0.850000,0.000000,0.000000,1.100000,0.000000,0.000000,1.200000,0.000000,0.000000,1.350000,0.000000,0.000000,0.850000,0.020000,0.000000,0.008000,0.000000,0.000600,0.008000,0.000000,0.000600,0.006000,0.000000,0.000000,1,1,1,38,205,512913,512913,304318,208559,0,60.00,3180,3700,0,0,0,0,0,0.00,0.00,0,0,0.0000,0.0000,0.0000,0.0000,0.0000
2026-04-27T18:46:56.818,0.645,0,0.00,0.00,0.00,0.00,0,0.0000,0.0000,0.3000,0.0000,0.0000,0.0000,0.00,0.00,65.27,54.78,39,26,0.66667,0.66667,0.69231,0.66667,0,0,0,0.00000,0.00000,1.00000,0.0000,0.0000,0.0000,0.0000,0.0000,0.0000,0.00,0.00,0.00,1,1,0.0000,0.0000,0.3000,0.00,0.8500,0.3500,0.9200,6.00,180.00,0.850000,0.000000,0.000000,1.100000,0.000000,0.000000,1.200000,0.000000,0.000000,1.350000,0.000000,0.000000,0.850000,0.020000,0.000000,0.008000,0.000000,0.000600,0.008000,0.000000,0.000600,0.006000,0.000000,0.000000,1,1,1,39,205,512913,512913,304318,208559,0,60.00,3180,3700,0,0,0,0,0,0.00,0.00,0,0,0.0000,0.0000,0.0000,0.0000,0.0000
2026-04-27T18:46:56.831,0.658,0,0.00,0.00,0.00,0.00,0,0.0000,0.0000,0.3000,0.0000,0.0000,0.0000,0.00,0.00,52.09,63.22,40,26,0.65000,0.65000,0.67500,0.65000,0,0,0,0.00000,0.00000,1.00000,0.0000,0.0000,0.0000,0.0000,0.0000,0.0000,0.00,0.00,0.00,1,1,0.0000,0.0000,0.3000,0.00,0.8500,0.3500,0.9200,6.00,180.00,0.850000,0.000000,0.000000,1.100000,0.000000,0.000000,1.200000,0.000000,0.000000,1.350000,0.000000,0.000000,0.850000,0.020000,0.000000,0.008000,0.000000,0.000600,0.008000,0.000000,0.000600,0.006000,0.000000,0.000000,1,1,1,40,205,512913,512913,304318,208559,0,60.00,3180,3700,0,0,0,0,0,0.00,0.00,0,0,0.0000,0.0000,0.0000,0.0000,0.0000
2026-04-27T18:46:56.850,0.676,0,0.00,0.00,0.00,0.00,0,0.0000,0.0000,0.3000,0.0000,0.0000,0.0000,0.00,0.00,65.18,58.18,41,26,0.63415,0.63415,0.65854,0.63415,0,0,0,0.00000,0.00000,1.00000,0.0000,0.0000,0.0000,0.0000,0.0000,0.0000,0.00,0.00,0.00,1,1,0.0000,0.0000,0.3000,0.00,0.8500,0.3500,0.9200,6.00,180.00,0.850000,0.000000,0.000000,1.100000,0.000000,0.000000,1.200000,0.000000,0.000000,1.350000,0.000000,0.000000,0.850000,0.020000,0.000000,0.008000,0.000000,0.000600,0.008000,0.000000,0.000600,0.006000,0.000000,0.000000,1,1,1,41,205,512913,512913,304318,208559,0,60.00,3180,3700,0,0,0,0,0,0.00,0.00,0,0,0.0000,0.0000,0.0000,0.0000,0.0000
2026-04-27T18:46:56.867,0.694,0,0.00,0.00,0.00,0.00,0,0.0000,0.0000,0.3000,0.0000,0.0000,0.0000,0.00,0.00,60.89,58.19,42,26,0.61905,0.61905,0.64286,0.61905,0,0,0,0.00000,0.00000,1.00000,0.0000,0.0000,0.0000,0.0000,0.0000,0.0000,0.00,0.00,0.00,1,1,0.0000,0.0000,0.3000,0.00,0.8500,0.3500,0.9200,6.00,180.00,0.850000,0.000000,0.000000,1.100000,0.000000,0.000000,1.200000,0.000000,0.000000,1.350000,0.000000,0.000000,0.850000,0.020000,0.000000,0.008000,0.000000,0.000600,0.008000,0.000000,0.000600,0.006000,0.000000,0.000000,1,1,1,42,205,512913,512913,304318,208559,0,60.00,3180,3700,0,0,0,0,0,0.00,0.00,0,0,0.0000,0.0000,0.0000,0.0000,0.0000
2026-04-27T18:46:56.874,0.701,0,0.00,0.00,0.00,0.00,0,0.0000,0.0000,0.3000,0.0000,0.0000,0.0000,0.00,0.00,59.04,125.36,43,26,0.60465,0.60465,0.62791,0.60465,0,0,0,0.00000,0.00000,1.00000,0.0000,0.0000,0.0000,0.0000,0.0000,0.0000,0.00,0.00,0.00,1,1,0.0000,0.0000,0.3000,0.00,0.8500,0.3500,0.9200,6.00,180.00,0.850000,0.000000,0.000000,1.100000,0.000000,0.000000,1.200000,0.000000,0.000000,1.350000,0.000000,0.000000,0.850000,0.020000,0.000000,0.008000,0.000000,0.000600,0.008000,0.000000,0.000600,0.006000,0.000000,0.000000,1,1,1,43,205,512913,512913,304318,208559,0,60.00,3180,3700,0,0,0,0,0,0.00,0.00,0,0,0.0000,0.0000,0.0000,0.0000,0.0000
2026-04-27T18:46:56.900,0.727,0,0.00,0.00,0.00,0.00,0,0.0000,0.0000,0.3000,0.0000,0.0000,0.0000,0.00,0.00,167.38,39.71,44,26,0.59091,0.59091,0.61364,0.59091,0,0,0,0.00000,0.00000,1.00000,0.0000,0.0000,0.0000,0.0000,0.0000,0.0000,0.00,0.00,0.00,1,1,0.0000,0.0000,0.3000,0.00,0.8500,0.3500,0.9200,6.00,180.00,0.850000,0.000000,0.000000,1.100000,0.000000,0.000000,1.200000,0.000000,0.000000,1.350000,0.000000,0.000000,0.850000,0.020000,0.000000,0.008000,0.000000,0.000600,0.008000,0.000000,0.000600,0.006000,0.000000,0.000000,1,1,1,44,205,512913,512913,304318,208559,0,60.00,3180,3700,0,0,0,0,0,0.00,0.00,0,0,0.0000,0.0000,0.0000,0.0000,0.0000
2026-04-27T18:46:56.914,0.740,0,0.00,0.00,0.00,0.00,0,0.0000,0.0000,0.3000,0.0000,0.0000,0.0000,0.00,0.00,36.78,68.19,45,26,0.57778,0.57778,0.60000,0.57778,0,0,0,0.00000,0.00000,1.00000,0.0000,0.0000,0.0000,0.0000,0.0000,0.0000,0.00,0.00,0.00,1,1,0.0000,0.0000,0.3000,0.00,0.8500,0.3500,0.9200,6.00,180.00,0.850000,0.000000,0.000000,1.100000,0.000000,0.000000,1.200000,0.000000,0.000000,1.350000,0.000000,0.000000,0.850000,0.020000,0.000000,0.008000,0.000000,0.000600,0.008000,0.000000,0.000600,0.006000,0.000000,0.000000,1,1,1,45,205,512913,512913,304318,208559,0,60.00,3180,3700,0,0,0,0,0,0.00,0.00,0,0,0.0000,0.0000,0.0000,0.0000,0.0000
2026-04-27T18:46:56.925,0.752,0,0.00,0.00,0.00,0.00,0,0.0000,0.0000,0.3000,0.0000,0.0000,0.0000,0.00,0.00,78.99,89.70,46,26,0.56522,0.56522,0.58696,0.56522,0,0,0,0.00000,0.00000,1.00000,0.0000,0.0000,0.0000,0.0000,0.0000,0.0000,0.00,0.00,0.00,1,1,0.0000,0.0000,0.3000,0.00,0.8500,0.3500,0.9200,6.00,180.00,0.850000,0.000000,0.000000,1.100000,0.000000,0.000000,1.200000,0.000000,0.000000,1.350000,0.000000,0.000000,0.850000,0.020000,0.000000,0.008000,0.000000,0.000600,0.008000,0.000000,0.000600,0.006000,0.000000,0.000000,1,1,1,46,205,512974,512974,304318,208620,0,61.00,3241,10578,0,0,0,0,0,0.00,0.00,0,0,0.0000,0.0000,0.0000,0.0000,0.0000
2026-04-27T18:46:56.945,0.772,0,0.00,0.00,0.00,0.00,0,0.0000,0.0000,0.3000,0.0000,0.0000,0.0000,0.00,0.00,89.70,48.92,47,26,0.55319,0.55319,0.57447,0.55319,0,0,0,0.00000,0.00000,1.00000,0.0000,0.0000,0.0000,0.0000,0.0000,0.0000,0.00,0.00,0.00,1,1,0.0000,0.0000,0.3000,0.00,0.8500,0.3500,0.9200,6.00,180.00,0.850000,0.000000,0.000000,1.100000,0.000000,0.000000,1.200000,0.000000,0.000000,1.350000,0.000000,0.000000,0.850000,0.020000,0.000000,0.008000,0.000000,0.000600,0.008000,0.000000,0.000600,0.006000,0.000000,0.000000,1,1,1,47,205,512974,512974,304318,208620,0,61.00,3241,10578,0,0,0,0,0,0.00,0.00,0,0,0.0000,0.0000,0.0000,0.0000,0.0000
2026-04-27T18:46:56.966,0.792,0,0.00,0.00,0.00,0.00,0,0.0000,0.0000,0.3000,0.0000,0.0000,0.0000,0.00,0.00,48.92,49.14,48,26,0.54167,0.54167,0.56250,0.54167,0,0,0,0.00000,0.00000,1.00000,0.0000,0.0000,0.0000,0.0000,0.0000,0.0000,0.00,0.00,0.00,1,1,0.0000,0.0000,0.3000,0.00,0.8500,0.3500,0.9200,6.00,180.00,0.850000,0.000000,0.000000,1.100000,0.000000,0.000000,1.200000,0.000000,0.000000,1.350000,0.000000,0.000000,0.850000,0.020000,0.000000,0.008000,0.000000,0.000600,0.008000,0.000000,0.000600,0.006000,0.000000,0.000000,1,1,1,48,205,512974,512974,304318,208620,0,61.00,3241,10578,0,0,0,0,0,0.00,0.00,0,0,0.0000,0.0000,0.0000,0.0000,0.0000
2026-04-27T18:46:56.982,0.809,0,0.00,0.00,0.00,0.00,0,0.0000,0.0000,0.3000,0.0000,0.0000,0.0000,0.00,0.00,49.14,61.59,49,26,0.53061,0.53061,0.55102,0.53061,0,0,0,0.00000,0.00000,1.00000,0.0000,0.0000,0.0000,0.0000,0.0000,0.0000,0.00,0.00,0.00,1,1,0.0000,0.0000,0.3000,0.00,0.8500,0.3500,0.9200,6.00,180.00,0.850000,0.000000,0.000000,1.100000,0.000000,0.000000,1.200000,0.000000,0.000000,1.350000,0.000000,0.000000,0.850000,0.020000,0.000000,0.008000,0.000000,0.000600,0.008000,0.000000,0.000600,0.006000,0.000000,0.000000,1,1,1,49,205,512974,512974,304318,208620,0,61.00,3241,10578,0,0,0,0,0,0.00,0.00,0,0,0.0000,0.0000,0.0000,0.0000,0.0000
2026-04-27T18:46:56.999,0.826,0,0.00,0.00,0.00,0.00,0,0.0000,0.0000,0.3000,0.0000,0.0000,0.0000,0.00,0.00,53.19,58.62,50,26,0.52000,0.52000,0.54000,0.52000,0,0,0,0.00000,0.00000,1.00000,0.0000,0.0000,0.0000,0.0000,0.0000,0.0000,0.00,0.00,0.00,1,1,0.0000,0.0000,0.3000,0.00,0.8500,0.3500,0.9200,6.00,180.00,0.850000,0.000000,0.000000,1.100000,0.000000,0.000000,1.200000,0.000000,0.000000,1.350000,0.000000,0.000000,0.850000,0.020000,0.000000,0.008000,0.000000,0.000600,0.008000,0.000000,0.000600,0.006000,0.000000,0.000000,1,1,1,50,205,512974,512974,304318,208620,0,61.00,3241,10578,0,0,0,0,0,0.00,0.00,0,0,0.0000,0.0000,0.0000,0.0000,0.0000
2026-04-27T18:46:57.018,0.845,0,0.00,0.00,0.00,0.00,0,0.0000,0.0000,0.3000,0.0000,0.0000,0.0000,0.00,0.00,68.99,59.61,51,26,0.50980,0.50980,0.52941,0.50980,0,0,0,0.00000,0.00000,1.00000,0.0000,0.0000,0.0000,0.0000,0.0000,0.0000,0.00,0.00,0.00,1,1,0.0000,0.0000,0.3000,0.00,0.8500,0.3500,0.9200,6.00,180.00,0.850000,0.000000,0.000000,1.100000,0.000000,0.000000,1.200000,0.000000,0.000000,1.350000,0.000000,0.000000,0.850000,0.020000,0.000000,0.008000,0.000000,0.000600,0.008000,0.000000,0.000600,0.006000,0.000000,0.000000,1,1,1,51,205,512974,512974,304318,208620,0,61.00,3241,10578,0,0,0,0,0,0.00,0.00,0,0,0.0000,0.0000,0.0000,0.0000,0.0000
2026-04-27T18:46:57.033,0.860,0,0.00,0.00,0.00,0.00,0,0.0000,0.0000,0.3000,0.0000,0.0000,0.0000,0.00,0.00,48.90,65.40,52,26,0.50000,0.50000,0.51923,0.50000,0,0,0,0.00000,0.00000,1.00000,0.0000,0.0000,0.0000,0.0000,0.0000,0.0000,0.00,0.00,0.00,1,1,0.0000,0.0000,0.3000,0.00,0.8500,0.3500,0.9200,6.00,180.00,0.850000,0.000000,0.000000,1.100000,0.000000,0.000000,1.200000,0.000000,0.000000,1.350000,0.000000,0.000000,0.850000,0.020000,0.000000,0.008000,0.000000,0.000600,0.008000,0.000000,0.000600,0.006000,0.000000,0.000000,1,1,1,52,205,512974,512974,304318,208620,0,61.00,3241,10578,0,0,0,0,0,0.00,0.00,0,0,0.0000,0.0000,0.0000,0.0000,0.0000
2026-04-27T18:46:57.043,0.869,0,0.00,0.00,0.00,0.00,0,0.0000,0.0000,0.3000,0.0000,0.0000,0.0000,0.00,0.00,73.23,86.00,53,26,0.49057,0.49057,0.50943,0.49057,0,0,0,0.00000,0.00000,1.00000,0.0000,0.0000,0.0000,0.0000,0.0000,0.0000,0.00,0.00,0.00,1,1,0.0000,0.0000,0.3000,0.00,0.8500,0.3500,0.9200,6.00,180.00,0.850000,0.000000,0.000000,1.100000,0.000000,0.000000,1.200000,0.000000,0.000000,1.350000,0.000000,0.000000,0.850000,0.020000,0.000000,0.008000,0.000000,0.000600,0.008000,0.000000,0.000600,0.006000,0.000000,0.000000,1,1,1,53,205,512974,512974,304318,208620,0,61.00,3241,10578,0,0,0,0,0,0.00,0.00,0,0,0.0000,0.0000,0.0000,0.0000,0.0000
2026-04-27T18:46:57.059,0.886,0,0.00,0.00,0.00,0.00,0,0.0000,0.0000,0.3000,0.0000,0.0000,0.0000,0.00,0.00,104.28,61.25,54,26,0.48148,0.48148,0.50000,0.48148,0,0,0,0.00000,0.00000,1.00000,0.0000,0.0000,0.0000,0.0000,0.0000,0.0000,0.00,0.00,0.00,1,1,0.0000,0.0000,0.3000,0.00,0.8500,0.3500,0.9200,6.00,180.00,0.850000,0.000000,0.000000,1.100000,0.000000,0.000000,1.200000,0.000000,0.000000,1.350000,0.000000,0.000000,0.850000,0.020000,0.000000,0.008000,0.000000,0.000600,0.008000,0.000000,0.000600,0.006000,0.000000,0.000000,1,1,1,54,205,512974,512974,304318,208620,0,61.00,3241,10578,0,0,0,0,0,0.00,0.00,0,0,0.0000,0.0000,0.0000,0.0000,0.0000
2026-04-27T18:46:57.082,0.908,0,0.00,0.00,0.00,0.00,0,0.0000,0.0000,0.3000,0.0000,0.0000,0.0000,0.00,0.00,61.25,43.92,55,26,0.47273,0.47273,0.49091,0.47273,0,0,0,0.00000,0.00000,1.00000,0.0000,0.0000,0.0000,0.0000,0.0000,0.0000,0.00,0.00,0.00,1,1,0.0000,0.0000,0.3000,0.00,0.8500,0.3500,0.9200,6.00,180.00,0.850000,0.000000,0.000000,1.100000,0.000000,0.000000,1.200000,0.000000,0.000000,1.350000,0.000000,0.000000,0.850000,0.020000,0.000000,0.008000,0.000000,0.000600,0.008000,0.000000,0.000600,0.006000,0.000000,0.000000,1,1,1,55,205,512974,512974,304318,208620,0,61.00,3241,10578,0,0,0,0,0,0.00,0.00,0,0,0.0000,0.0000,0.0000,0.0000,0.0000
2026-04-27T18:46:57.089,0.916,0,0.00,0.00,0.00,0.00,0,0.0000,0.0000,0.3000,0.0000,0.0000,0.0000,0.00,0.00,43.92,129.79,56,26,0.46429,0.46429,0.48214,0.46429,0,0,0,0.00000,0.00000,1.00000,0.0000,0.0000,0.0000,0.0000,0.0000,0.0000,0.00,0.00,0.00,1,1,0.0000,0.0000,0.3000,0.00,0.8500,0.3500,0.9200,6.00,180.00,0.850000,0.000000,0.000000,1.100000,0.000000,0.000000,1.200000,0.000000,0.000000,1.350000,0.000000,0.000000,0.850000,0.020000,0.000000,0.008000,0.000000,0.000600,0.008000,0.000000,0.000600,0.006000,0.000000,0.000000,1,1,1,56,205,512974,512974,304318,208620,0,61.00,3241,10578,0,0,0,0,0,0.00,0.00,0,0,0.0000,0.0000,0.0000,0.0000,0.0000
2026-04-27T18:46:57.116,0.943,0,0.00,0.00,0.00,0.00,0,0.0000,0.0000,0.3000,0.0000,0.0000,0.0000,0.00,0.00,129.79,51.48,57,26,0.45614,0.45614,0.47368,0.45614,0,0,0,0.00000,0.00000,1.00000,0.0000,0.0000,0.0000,0.0000,0.0000,0.0000,0.00,0.00,0.00,1,1,0.0000,0.0000,0.3000,0.00,0.8500,0.3500,0.9200,6.00,180.00,0.850000,0.000000,0.000000,1.100000,0.000000,0.000000,1.200000,0.000000,0.000000,1.350000,0.000000,0.000000,0.850000,0.020000,0.000000,0.008000,0.000000,0.000600,0.008000,0.000000,0.000600,0.006000,0.000000,0.000000,1,1,1,57,205,512974,512974,304318,208620,0,61.00,3241,10578,0,0,0,0,0,0.00,0.00,0,0,0.0000,0.0000,0.0000,0.0000,0.0000
2026-04-27T18:46:57.133,0.960,0,0.00,0.00,0.00,0.00,0,0.0000,0.0000,0.3000,0.0000,0.0000,0.0000,0.00,0.00,37.15,43.88,58,26,0.44828,0.44828,0.46552,0.44828,0,0,0,0.00000,0.00000,1.00000,0.0000,0.0000,0.0000,0.0000,0.0000,0.0000,0.00,0.00,0.00,1,1,0.0000,0.0000,0.3000,0.00,0.8500,0.3500,0.9200,6.00,180.00,0.850000,0.000000,0.000000,1.100000,0.000000,0.000000,1.200000,0.000000,0.000000,1.350000,0.000000,0.000000,0.850000,0.020000,0.000000,0.008000,0.000000,0.000600,0.008000,0.000000,0.000600,0.006000,0.000000,0.000000,1,1,1,58,205,512974,512974,304318,208620,0,61.00,3241,10578,0,0,0,0,0,0.00,0.00,0,0,0.0000,0.0000,0.0000,0.0000,0.0000
2026-04-27T18:46:57.139,0.966,0,0.00,0.00,0.00,0.00,0,0.0000,0.0000,0.3000,0.0000,0.0000,0.0000,0.00,0.00,58.38,129.15,59,26,0.44068,0.44068,0.45763,0.44068,0,0,0,0.00000,0.00000,1.00000,0.0000,0.0000,0.0000,0.0000,0.0000,0.0000,0.00,0.00,0.00,1,1,0.0000,0.0000,0.3000,0.00,0.8500,0.3500,0.9200,6.00,180.00,0.850000,0.000000,0.000000,1.100000,0.000000,0.000000,1.200000,0.000000,0.000000,1.350000,0.000000,0.000000,0.850000,0.020000,0.000000,0.008000,0.000000,0.000600,0.008000,0.000000,0.000600,0.006000,0.000000,0.000000,1,1,1,59,205,512974,512974,304318,208620,0,61.00,3241,10578,0,0,0,0,0,0.00,0.00,0,0,0.0000,0.0000,0.0000,0.0000,0.0000
2026-04-27T18:46:57.161,0.987,0,0.00,0.00,0.00,0.00,0,0.0000,0.0000,0.3000,0.0000,0.0000,0.0000,0.00,0.00,169.07,47.02,60,26,0.43333,0.43333,0.45000,0.43333,0,0,0,0.00000,0.00000,1.00000,0.0000,0.0000,0.0000,0.0000,0.0000,0.0000,0.00,0.00,0.00,1,1,0.0000,0.0000,0.3000,0.00,0.8500,0.3500,0.9200,6.00,180.00,0.850000,0.000000,0.000000,1.100000,0.000000,0.000000,1.200000,0.000000,0.000000,1.350000,0.000000,0.000000,0.850000,0.020000,0.000000,0.008000,0.000000,0.000600,0.008000,0.000000,0.000600,0.006000,0.000000,0.000000,1,1,1,60,205,512974,512974,304318,208620,0,61.00,3241,10578,0,0,0,0,0,0.00,0.00,0,0,0.0000,0.0000,0.0000,0.0000,0.0000
2026-04-27T18:46:57.182,1.009,0,0.00,0.00,0.00,0.00,0,0.0000,0.0000,0.3000,0.0000,0.0000,0.0000,0.00,0.00,34.98,46.61,61,26,0.42623,0.42623,0.44262,0.42623,0,0,0,0.00000,0.00000,1.00000,0.0000,0.0000,0.0000,0.0000,0.0000,0.0000,0.00,0.00,0.00,1,1,0.0000,0.0000,0.3000,0.00,0.8500,0.3500,0.9200,6.00,180.00,0.850000,0.000000,0.000000,1.100000,0.000000,0.000000,1.200000,0.000000,0.000000,1.350000,0.000000,0.000000,0.850000,0.020000,0.000000,0.008000,0.000000,0.000600,0.008000,0.000000,0.000600,0.006000,0.000000,0.000000,1,1,1,61,205,512974,512974,304318,208620,0,61.00,3241,10578,0,0,0,0,0,0.00,0.00,0,0,0.0000,0.0000,0.0000,0.0000,0.0000
2026-04-27T18:46:57.191,1.018,0,0.00,0.00,0.00,0.00,0,0.0000,0.0000,0.3000,0.0000,0.0000,0.0000,0.00,0.00,70.74,110.79,62,26,0.41935,0.41935,0.43548,0.41935,0,0,0,0.00000,0.00000,1.00000,0.0000,0.0000,0.0000,0.0000,0.0000,0.0000,0.00,0.00,0.00,1,1,0.0000,0.0000,0.3000,0.00,0.8500,0.3500,0.9200,6.00,180.00,0.850000,0.000000,0.000000,1.100000,0.000000,0.000000,1.200000,0.000000,0.000000,1.350000,0.000000,0.000000,0.850000,0.020000,0.000000,0.008000,0.000000,0.000600,0.008000,0.000000,0.000600,0.006000,0.000000,0.000000,1,1,1,62,205,512974,512974,304318,208620,0,61.00,3241,10578,0,0,0,0,0,0.00,0.00,0,0,0.0000,0.0000,0.0000,0.0000,0.0000
2026-04-27T18:46:57.216,1.043,0,0.00,0.00,0.00,0.00,0,0.0000,0.0000,0.3000,0.0000,0.0000,0.0000,0.00,0.00,110.79,56.37,63,26,0.41270,0.41270,0.42857,0.41270,0,0,0,0.00000,0.00000,1.00000,0.0000,0.0000,0.0000,0.0000,0.0000,0.0000,0.00,0.00,0.00,1,1,0.0000,0.0000,0.3000,0.00,0.8500,0.3500,0.9200,6.00,180.00,0.850000,0.000000,0.000000,1.100000,0.000000,0.000000,1.200000,0.000000,0.000000,1.350000,0.000000,0.000000,0.850000,0.020000,0.000000,0.008000,0.000000,0.000600,0.008000,0.000000,0.000600,0.006000,0.000000,0.000000,1,1,1,63,205,512974,512974,304318,208620,0,61.00,3241,10578,0,0,0,0,0,0.00,0.00,0,0,0.0000,0.0000,0.0000,0.0000,0.0000
2026-04-27T18:46:57.233,1.060,0,0.00,0.00,0.00,0.00,0,0.0000,0.0000,0.3000,0.0000,0.0000,0.0000,0.00,0.00,39.73,43.19,64,26,0.40625,0.40625,0.42188,0.40625,0,0,0,0.00000,0.00000,1.00000,0.0000,0.0000,0.0000,0.0000,0.0000,0.0000,0.00,0.00,0.00,1,1,0.0000,0.0000,0.3000,0.00,0.8500,0.3500,0.9200,6.00,180.00,0.850000,0.000000,0.000000,1.100000,0.000000,0.000000,1.200000,0.000000,0.000000,1.350000,0.000000,0.000000,0.850000,0.020000,0.000000,0.008000,0.000000,0.000600,0.008000,0.000000,0.000600,0.006000,0.000000,0.000000,1,1,1,64,205,512974,512974,304318,208620,0,61.00,3241,10578,0,0,0,0,0,0.00,0.00,0,0,0.0000,0.0000,0.0000,0.0000,0.0000
2026-04-27T18:46:57.241,1.068,0,0.00,0.00,0.00,0.00,0,0.0000,0.0000,0.3000,0.0000,0.0000,0.0000,0.00,0.00,51.35,109.75,65,26,0.40000,0.40000,0.41538,0.40000,0,0,0,0.00000,0.00000,1.00000,0.0000,0.0000,0.0000,0.0000,0.0000,0.0000,0.00,0.00,0.00,1,1,0.0000,0.0000,0.3000,0.00,0.8500,0.3500,0.9200,6.00,180.00,0.850000,0.000000,0.000000,1.100000,0.000000,0.000000,1.200000,0.000000,0.000000,1.350000,0.000000,0.000000,0.850000,0.020000,0.000000,0.008000,0.000000,0.000600,0.008000,0.000000,0.000600,0.006000,0.000000,0.000000,1,1,1,65,205,512974,512974,304318,208620,0,61.00,3241,10578,0,0,0,0,0,0.00,0.00,0,0,0.0000,0.0000,0.0000,0.0000,0.0000
2026-04-27T18:46:57.259,1.086,0,0.00,0.00,0.00,0.00,0,0.0000,0.0000,0.3000,0.0000,0.0000,0.0000,0.00,0.00,186.55,55.19,66,26,0.39394,0.39394,0.40909,0.39394,0,0,0,0.00000,0.00000,1.00000,0.0000,0.0000,0.0000,0.0000,0.0000,0.0000,0.00,0.00,0.00,1,1,0.0000,0.0000,0.3000,0.00,0.8500,0.3500,0.9200,6.00,180.00,0.850000,0.000000,0.000000,1.100000,0.000000,0.000000,1.200000,0.000000,0.000000,1.350000,0.000000,0.000000,0.850000,0.020000,0.000000,0.008000,0.000000,0.000600,0.008000,0.000000,0.000600,0.006000,0.000000,0.000000,1,1,1,66,205,512974,512974,304318,208620,0,61.00,3241,10578,0,0,0,0,0,0.00,0.00,0,0,0.0000,0.0000,0.0000,0.0000,0.0000
2026-04-27T18:46:57.281,1.108,0,0.00,0.00,0.00,0.00,0,0.0000,0.0000,0.3000,0.0000,0.0000,0.0000,0.00,0.00,37.69,45.01,67,26,0.38806,0.38806,0.40299,0.38806,0,0,0,0.00000,0.00000,1.00000,0.0000,0.0000,0.0000,0.0000,0.0000,0.0000,0.00,0.00,0.00,1,1,0.0000,0.0000,0.3000,0.00,0.8500,0.3500,0.9200,6.00,180.00,0.850000,0.000000,0.000000,1.100000,0.000000,0.000000,1.200000,0.000000,0.000000,1.350000,0.000000,0.000000,0.850000,0.020000,0.000000,0.008000,0.000000,0.000600,0.008000,0.000000,0.000600,0.006000,0.000000,0.000000,1,1,1,67,205,512974,512974,304318,208620,0,61.00,3241,10578,0,0,0,0,0,0.00,0.00,0,0,0.0000,0.0000,0.0000,0.0000,0.0000
2026-04-27T18:46:57.294,1.121,0,0.00,0.00,0.00,0.00,0,0.0000,0.0000,0.3000,0.0000,0.0000,0.0000,0.00,0.00,59.80,76.81,68,26,0.38235,0.38235,0.39706,0.38235,0,0,0,0.00000,0.00000,1.00000,0.0000,0.0000,0.0000,0.0000,0.0000,0.0000,0.00,0.00,0.00,1,1,0.0000,0.0000,0.3000,0.00,0.8500,0.3500,0.9200,6.00,180.00,0.850000,0.000000,0.000000,1.100000,0.000000,0.000000,1.200000,0.000000,0.000000,1.350000,0.000000,0.000000,0.850000,0.020000,0.000000,0.008000,0.000000,0.000600,0.008000,0.000000,0.000600,0.006000,0.000000,0.000000,1,1,1,68,205,512974,512974,304318,208620,0,61.00,3241,10578,0,0,0,0,0,0.00,0.00,0,0,0.0000,0.0000,0.0000,0.0000,0.0000
2026-04-27T18:46:57.312,1.139,0,0.00,0.00,0.00,0.00,0,0.0000,0.0000,0.3000,0.0000,0.0000,0.0000,0.00,0.00,99.02,56.48,69,26,0.37681,0.37681,0.39130,0.37681,0,0,0,0.00000,0.00000,1.00000,0.0000,0.0000,0.0000,0.0000,0.0000,0.0000,0.00,0.00,0.00,1,1,0.0000,0.0000,0.3000,0.00,0.8500,0.3500,0.9200,6.00,180.00,0.850000,0.000000,0.000000,1.100000,0.000000,0.000000,1.200000,0.000000,0.000000,1.350000,0.000000,0.000000,0.850000,0.020000,0.000000,0.008000,0.000000,0.000600,0.008000,0.000000,0.000600,0.006000,0.000000,0.000000,1,1,1,69,205,512974,512974,304318,208620,0,61.00,3241,10578,0,0,0,0,0,0.00,0.00,0,0,0.0000,0.0000,0.0000,0.0000,0.0000
2026-04-27T18:46:57.330,1.157,0,0.00,0.00,0.00,0.00,0,0.0000,0.0000,0.3000,0.0000,0.0000,0.0000,0.00,0.00,43.15,54.47,70,26,0.37143,0.37143,0.38571,0.37143,0,0,0,0.00000,0.00000,1.00000,0.0000,0.0000,0.0000,0.0000,0.0000,0.0000,0.00,0.00,0.00,1,1,0.0000,0.0000,0.3000,0.00,0.8500,0.3500,0.9200,6.00,180.00,0.850000,0.000000,0.000000,1.100000,0.000000,0.000000,1.200000,0.000000,0.000000,1.350000,0.000000,0.000000,0.850000,0.020000,0.000000,0.008000,0.000000,0.000600,0.008000,0.000000,0.000600,0.006000,0.000000,0.000000,1,1,1,70,205,512974,512974,304318,208620,0,61.00,3241,10578,0,0,0,0,0,0.00,0.00,0,0,0.0000,0.0000,0.0000,0.0000,0.0000
2026-04-27T18:46:57.348,1.174,0,0.00,0.00,0.00,0.00,0,0.0000,0.0000,0.3000,0.0000,0.0000,0.0000,0.00,0.00,60.42,58.78,71,26,0.36620,0.36620,0.38028,0.36620,0,0,0,0.00000,0.00000,1.00000,0.0000,0.0000,0.0000,0.0000,0.0000,0.0000,0.00,0.00,0.00,1,1,0.0000,0.0000,0.3000,0.00,0.8500,0.3500,0.9200,6.00,180.00,0.850000,0.000000,0.000000,1.100000,0.000000,0.000000,1.200000,0.000000,0.000000,1.350000,0.000000,0.000000,0.850000,0.020000,0.000000,0.008000,0.000000,0.000600,0.008000,0.000000,0.000600,0.006000,0.000000,0.000000,1,1,1,71,205,512974,512974,304318,208620,0,61.00,3241,10578,0,0,0,0,0,0.00,0.00,0,0,0.0000,0.0000,0.0000,0.0000,0.0000
2026-04-27T18:46:57.359,1.186,0,0.00,0.00,0.00,0.00,0,0.0000,0.0000,0.3000,0.0000,0.0000,0.0000,0.00,0.00,59.14,85.23,72,26,0.36111,0.36111,0.37500,0.36111,0,0,0,0.00000,0.00000,1.00000,0.0000,0.0000,0.0000,0.0000,0.0000,0.0000,0.00,0.00,0.00,1,1,0.0000,0.0000,0.3000,0.00,0.8500,0.3500,0.9200,6.00,180.00,0.850000,0.000000,0.000000,1.100000,0.000000,0.000000,1.200000,0.000000,0.000000,1.350000,0.000000,0.000000,0.850000,0.020000,0.000000,0.008000,0.000000,0.000600,0.008000,0.000000,0.000600,0.006000,0.000000,0.000000,1,1,1,72,205,512974,512974,304318,208620,0,61.00,3241,10578,0,0,0,0,0,0.00,0.00,0,0,0.0000,0.0000,0.0000,0.0000,0.0000
2026-04-27T18:46:57.382,1.209,0,0.00,0.00,0.00,0.00,0,0.0000,0.0000,0.3000,0.0000,0.0000,0.0000,0.00,0.00,60.51,43.97,73,26,0.35616,0.35616,0.36986,0.35616,0,0,0,0.00000,0.00000,1.00000,0.0000,0.0000,0.0000,0.0000,0.0000,0.0000,0.00,0.00,0.00,1,1,0.0000,0.0000,0.3000,0.00,0.8500,0.3500,0.9200,6.00,180.00,0.850000,0.000000,0.000000,1.100000,0.000000,0.000000,1.200000,0.000000,0.000000,1.350000,0.000000,0.000000,0.850000,0.020000,0.000000,0.008000,0.000000,0.000600,0.008000,0.000000,0.000600,0.006000,0.000000,0.000000,1,1,1,73,205,512974,512974,304318,208620,0,61.00,3241,10578,0,0,0,0,0,0.00,0.00,0,0,0.0000,0.0000,0.0000,0.0000,0.0000
2026-04-27T18:46:57.389,1.216,0,0.00,0.00,0.00,0.00,0,0.0000,0.0000,0.3000,0.0000,0.0000,0.0000,0.00,0.00,69.49,136.53,74,26,0.35135,0.35135,0.36486,0.35135,0,0,0,0.00000,0.00000,1.00000,0.0000,0.0000,0.0000,0.0000,0.0000,0.0000,0.00,0.00,0.00,1,1,0.0000,0.0000,0.3000,0.00,0.8500,0.3500,0.9200,6.00,180.00,0.850000,0.000000,0.000000,1.100000,0.000000,0.000000,1.200000,0.000000,0.000000,1.350000,0.000000,0.000000,0.850000,0.020000,0.000000,0.008000,0.000000,0.000600,0.008000,0.000000,0.000600,0.006000,0.000000,0.000000,1,1,1,74,205,512974,512974,304318,208620,0,61.00,3241,10578,0,0,0,0,0,0.00,0.00,0,0,0.0000,0.0000,0.0000,0.0000,0.0000
2026-04-27T18:46:57.409,1.236,0,0.00,0.00,0.00,0.00,0,0.0000,0.0000,0.3000,0.0000,0.0000,0.0000,0.00,0.00,136.53,50.27,75,26,0.34667,0.34667,0.36000,0.34667,0,0,0,0.00000,0.00000,1.00000,0.0000,0.0000,0.0000,0.0000,0.0000,0.0000,0.00,0.00,0.00,1,1,0.0000,0.0000,0.3000,0.00,0.8500,0.3500,0.9200,6.00,180.00,0.850000,0.000000,0.000000,1.100000,0.000000,0.000000,1.200000,0.000000,0.000000,1.350000,0.000000,0.000000,0.850000,0.020000,0.000000,0.008000,0.000000,0.000600,0.008000,0.000000,0.000600,0.006000,0.000000,0.000000,1,1,1,75,205,512974,512974,304318,208620,0,61.00,3241,10578,0,0,0,0,0,0.00,0.00,0,0,0.0000,0.0000,0.0000,0.0000,0.0000
2026-04-27T18:46:57.432,1.258,0,0.00,0.00,0.00,0.00,0,0.0000,0.0000,0.3000,0.0000,0.0000,0.0000,0.00,0.00,35.40,44.35,76,26,0.34211,0.34211,0.35526,0.34211,0,0,0,0.00000,0.00000,1.00000,0.0000,0.0000,0.0000,0.0000,0.0000,0.0000,0.00,0.00,0.00,1,1,0.0000,0.0000,0.3000,0.00,0.8500,0.3500,0.9200,6.00,180.00,0.850000,0.000000,0.000000,1.100000,0.000000,0.000000,1.200000,0.000000,0.000000,1.350000,0.000000,0.000000,0.850000,0.020000,0.000000,0.008000,0.000000,0.000600,0.008000,0.000000,0.000600,0.006000,0.000000,0.000000,1,1,1,76,205,512974,512974,304318,208620,0,61.00,3241,10578,0,0,0,0,0,0.00,0.00,0,0,0.0000,0.0000,0.0000,0.0000,0.0000
2026-04-27T18:46:57.452,1.278,0,0.00,0.00,0.00,0.00,0,0.0000,0.0000,0.3000,0.0000,0.0000,0.0000,0.00,0.00,70.45,81.73,77,26,0.33766,0.33766,0.35065,0.33766,0,0,0,0.00000,0.00000,1.00000,0.0000,0.0000,0.0000,0.0000,0.0000,0.0000,0.00,0.00,0.00,1,1,0.0000,0.0000,0.3000,0.00,0.8500,0.3500,0.9200,6.00,180.00,0.850000,0.000000,0.000000,1.100000,0.000000,0.000000,1.200000,0.000000,0.000000,1.350000,0.000000,0.000000,0.850000,0.020000,0.000000,0.008000,0.000000,0.000600,0.008000,0.000000,0.000600,0.006000,0.000000,0.000000,1,1,1,77,205,512974,512974,304318,208620,0,61.00,3241,10578,0,0,0,0,0,0.00,0.00,0,0,0.0000,0.0000,0.0000,0.0000,0.0000
2026-04-27T18:46:57.459,1.286,0,0.00,0.00,0.00,0.00,0,0.0000,0.0000,0.3000,0.0000,0.0000,0.0000,0.00,0.00,50.08,66.07,78,26,0.33333,0.33333,0.34615,0.33333,0,0,0,0.00000,0.00000,1.00000,0.0000,0.0000,0.0000,0.0000,0.0000,0.0000,0.00,0.00,0.00,1,1,0.0000,0.0000,0.3000,0.00,0.8500,0.3500,0.9200,6.00,180.00,0.850000,0.000000,0.000000,1.100000,0.000000,0.000000,1.200000,0.000000,0.000000,1.350000,0.000000,0.000000,0.850000,0.020000,0.000000,0.008000,0.000000,0.000600,0.008000,0.000000,0.000600,0.006000,0.000000,0.000000,1,1,1,78,205,512974,512974,304318,208620,0,61.00,3241,10578,0,0,0,0,0,0.00,0.00,0,0,0.0000,0.0000,0.0000,0.0000,0.0000
2026-04-27T18:46:57.482,1.309,0,0.00,0.00,0.00,0.00,0,0.0000,0.0000,0.3000,0.0000,0.0000,0.0000,0.00,0.00,62.60,44.02,79,26,0.32911,0.32911,0.34177,0.32911,0,0,0,0.00000,0.00000,1.00000,0.0000,0.0000,0.0000,0.0000,0.0000,0.0000,0.00,0.00,0.00,1,1,0.0000,0.0000,0.3000,0.00,0.8500,0.3500,0.9200,6.00,180.00,0.850000,0.000000,0.000000,1.100000,0.000000,0.000000,1.200000,0.000000,0.000000,1.350000,0.000000,0.000000,0.850000,0.020000,0.000000,0.008000,0.000000,0.000600,0.008000,0.000000,0.000600,0.006000,0.000000,0.000000,1,1,1,79,205,512974,512974,304318,208620,0,61.00,3241,10578,0,0,0,0,0,0.00,0.00,0,0,0.0000,0.0000,0.0000,0.0000,0.0000
2026-04-27T18:46:57.490,1.317,0,0.00,0.00,0.00,0.00,0,0.0000,0.0000,0.3000,0.0000,0.0000,0.0000,0.00,0.00,70.71,125.89,80,26,0.32500,0.32500,0.33750,0.32500,0,0,0,0.00000,0.00000,1.00000,0.0000,0.0000,0.0000,0.0000,0.0000,0.0000,0.00,0.00,0.00,1,1,0.0000,0.0000,0.3000,0.00,0.8500,0.3500,0.9200,6.00,180.00,0.850000,0.000000,0.000000,1.100000,0.000000,0.000000,1.200000,0.000000,0.000000,1.350000,0.000000,0.000000,0.850000,0.020000,0.000000,0.008000,0.000000,0.000600,0.008000,0.000000,0.000600,0.006000,0.000000,0.000000,1,1,1,80,205,512974,512974,304318,208620,0,61.00,3241,10578,0,0,0,0,0,0.00,0.00,0,0,0.0000,0.0000,0.0000,0.0000,0.0000
2026-04-27T18:46:57.512,1.338,0,0.00,0.00,0.00,0.00,0,0.0000,0.0000,0.3000,0.0000,0.0000,0.0000,0.00,0.00,125.89,46.03,81,26,0.32099,0.32099,0.33333,0.32099,0,0,0,0.00000,0.00000,1.00000,0.0000,0.0000,0.0000,0.0000,0.0000,0.0000,0.00,0.00,0.00,1,1,0.0000,0.0000,0.3000,0.00,0.8500,0.3500,0.9200,6.00,180.00,0.850000,0.000000,0.000000,1.100000,0.000000,0.000000,1.200000,0.000000,0.000000,1.350000,0.000000,0.000000,0.850000,0.020000,0.000000,0.008000,0.000000,0.000600,0.008000,0.000000,0.000600,0.006000,0.000000,0.000000,1,1,1,81,205,512974,512974,304318,208620,0,61.00,3241,10578,0,0,0,0,0,0.00,0.00,0,0,0.0000,0.0000,0.0000,0.0000,0.0000
2026-04-27T18:46:57.532,1.358,0,0.00,0.00,0.00,0.00,0,0.0000,0.0000,0.3000,0.0000,0.0000,0.0000,0.00,0.00,46.03,49.48,82,26,0.31707,0.31707,0.32927,0.31707,0,0,0,0.00000,0.00000,1.00000,0.0000,0.0000,0.0000,0.0000,0.0000,0.0000,0.00,0.00,0.00,1,1,0.0000,0.0000,0.3000,0.00,0.8500,0.3500,0.9200,6.00,180.00,0.850000,0.000000,0.000000,1.100000,0.000000,0.000000,1.200000,0.000000,0.000000,1.350000,0.000000,0.000000,0.850000,0.020000,0.000000,0.008000,0.000000,0.000600,0.008000,0.000000,0.000600,0.006000,0.000000,0.000000,1,1,1,82,205,512974,512974,304318,208620,0,61.00,3241,10578,0,0,0,0,0,0.00,0.00,0,0,0.0000,0.0000,0.0000,0.0000,0.0000
2026-04-27T18:46:57.539,1.366,0,0.00,0.00,0.00,0.00,0,0.0000,0.0000,0.3000,0.0000,0.0000,0.0000,0.00,0.00,49.48,131.61,83,26,0.31325,0.31325,0.32530,0.31325,0,0,0,0.00000,0.00000,1.00000,0.0000,0.0000,0.0000,0.0000,0.0000,0.0000,0.00,0.00,0.00,1,1,0.0000,0.0000,0.3000,0.00,0.8500,0.3500,0.9200,6.00,180.00,0.850000,0.000000,0.000000,1.100000,0.000000,0.000000,1.200000,0.000000,0.000000,1.350000,0.000000,0.000000,0.850000,0.020000,0.000000,0.008000,0.000000,0.000600,0.008000,0.000000,0.000600,0.006000,0.000000,0.000000,1,1,1,83,205,512974,512974,304318,208620,0,61.00,3241,10578,0,0,0,0,0,0.00,0.00,0,0,0.0000,0.0000,0.0000,0.0000,0.0000
2026-04-27T18:46:57.560,1.387,0,0.00,0.00,0.00,0.00,0,0.0000,0.0000,0.3000,0.0000,0.0000,0.0000,0.00,0.00,52.15,47.42,84,26,0.30952,0.30952,0.32143,0.30952,0,0,0,0.00000,0.00000,1.00000,0.0000,0.0000,0.0000,0.0000,0.0000,0.0000,0.00,0.00,0.00,1,1,0.0000,0.0000,0.3000,0.00,0.8500,0.3500,0.9200,6.00,180.00,0.850000,0.000000,0.000000,1.100000,0.000000,0.000000,1.200000,0.000000,0.000000,1.350000,0.000000,0.000000,0.850000,0.020000,0.000000,0.008000,0.000000,0.000600,0.008000,0.000000,0.000600,0.006000,0.000000,0.000000,1,1,1,84,205,512974,512974,304318,208620,0,61.00,3241,10578,0,0,0,0,0,0.00,0.00,0,0,0.0000,0.0000,0.0000,0.0000,0.0000
2026-04-27T18:46:57.582,1.409,0,0.00,0.00,0.00,0.00,0,0.0000,0.0000,0.3000,0.0000,0.0000,0.0000,0.00,0.00,60.67,46.58,85,26,0.30588,0.30588,0.31765,0.30588,0,0,0,0.00000,0.00000,1.00000,0.0000,0.0000,0.0000,0.0000,0.0000,0.0000,0.00,0.00,0.00,1,1,0.0000,0.0000,0.3000,0.00,0.8500,0.3500,0.9200,6.00,180.00,0.850000,0.000000,0.000000,1.100000,0.000000,0.000000,1.200000,0.000000,0.000000,1.350000,0.000000,0.000000,0.850000,0.020000,0.000000,0.008000,0.000000,0.000600,0.008000,0.000000,0.000600,0.006000,0.000000,0.000000,1,1,1,85,205,512974,512974,304318,208620,0,61.00,3241,10578,0,0,0,0,0,0.00,0.00,0,0,0.0000,0.0000,0.0000,0.0000,0.0000
2026-04-27T18:46:57.595,1.422,0,0.00,0.00,0.00,0.00,0,0.0000,0.0000,0.3000,0.0000,0.0000,0.0000,0.00,0.00,58.16,74.28,86,26,0.30233,0.30233,0.31395,0.30233,0,0,0,0.00000,0.00000,1.00000,0.0000,0.0000,0.0000,0.0000,0.0000,0.0000,0.00,0.00,0.00,1,1,0.0000,0.0000,0.3000,0.00,0.8500,0.3500,0.9200,6.00,180.00,0.850000,0.000000,0.000000,1.100000,0.000000,0.000000,1.200000,0.000000,0.000000,1.350000,0.000000,0.000000,0.850000,0.020000,0.000000,0.008000,0.000000,0.000600,0.008000,0.000000,0.000600,0.006000,0.000000,0.000000,1,1,1,86,205,512974,512974,304318,208620,0,61.00,3241,10578,0,0,0,0,0,0.00,0.00,0,0,0.0000,0.0000,0.0000,0.0000,0.0000
2026-04-27T18:46:57.609,1.436,0,0.00,0.00,0.00,0.00,0,0.0000,0.0000,0.3000,0.0000,0.0000,0.0000,0.00,0.00,92.90,74.27,87,26,0.29885,0.29885,0.31034,0.29885,0,0,0,0.00000,0.00000,1.00000,0.0000,0.0000,0.0000,0.0000,0.0000,0.0000,0.00,0.00,0.00,1,1,0.0000,0.0000,0.3000,0.00,0.8500,0.3500,0.9200,6.00,180.00,0.850000,0.000000,0.000000,1.100000,0.000000,0.000000,1.200000,0.000000,0.000000,1.350000,0.000000,0.000000,0.850000,0.020000,0.000000,0.008000,0.000000,0.000600,0.008000,0.000000,0.000600,0.006000,0.000000,0.000000,1,1,1,87,205,512974,512974,304318,208620,0,61.00,3241,10578,0,0,0,0,0,0.00,0.00,0,0,0.0000,0.0000,0.0000,0.0000,0.0000
2026-04-27T18:46:57.631,1.458,0,0.00,0.00,0.00,0.00,0,0.0000,0.0000,0.3000,0.0000,0.0000,0.0000,0.00,0.00,74.27,44.25,88,26,0.29545,0.29545,0.30682,0.29545,0,0,0,0.00000,0.00000,1.00000,0.0000,0.0000,0.0000,0.0000,0.0000,0.0000,0.00,0.00,0.00,1,1,0.0000,0.0000,0.3000,0.00,0.8500,0.3500,0.9200,6.00,180.00,0.850000,0.000000,0.000000,1.100000,0.000000,0.000000,1.200000,0.000000,0.000000,1.350000,0.000000,0.000000,0.850000,0.020000,0.000000,0.008000,0.000000,0.000600,0.008000,0.000000,0.000600,0.006000,0.000000,0.000000,1,1,1,88,205,512974,512974,304318,208620,0,61.00,3241,10578,0,0,0,0,0,0.00,0.00,0,0,0.0000,0.0000,0.0000,0.0000,0.0000
2026-04-27T18:46:57.651,1.477,0,0.00,0.00,0.00,0.00,0,0.0000,0.0000,0.3000,0.0000,0.0000,0.0000,0.00,0.00,44.25,55.87,89,26,0.29213,0.29213,0.30337,0.29213,0,0,0,0.00000,0.00000,1.00000,0.0000,0.0000,0.0000,0.0000,0.0000,0.0000,0.00,0.00,0.00,1,1,0.0000,0.0000,0.3000,0.00,0.8500,0.3500,0.9200,6.00,180.00,0.850000,0.000000,0.000000,1.100000,0.000000,0.000000,1.200000,0.000000,0.000000,1.350000,0.000000,0.000000,0.850000,0.020000,0.000000,0.008000,0.000000,0.000600,0.008000,0.000000,0.000600,0.006000,0.000000,0.000000,1,1,1,89,205,512974,512974,304318,208620,0,61.00,3241,10578,0,0,0,0,0,0.00,0.00,0,0,0.0000,0.0000,0.0000,0.0000,0.0000
2026-04-27T18:46:57.666,1.493,0,0.00,0.00,0.00,0.00,0,0.0000,0.0000,0.3000,0.0000,0.0000,0.0000,0.00,0.00,49.12,63.32,90,26,0.28889,0.28889,0.30000,0.28889,0,0,0,0.00000,0.00000,1.00000,0.0000,0.0000,0.0000,0.0000,0.0000,0.0000,0.00,0.00,0.00,1,1,0.0000,0.0000,0.3000,0.00,0.8500,0.3500,0.9200,6.00,180.00,0.850000,0.000000,0.000000,1.100000,0.000000,0.000000,1.200000,0.000000,0.000000,1.350000,0.000000,0.000000,0.850000,0.020000,0.000000,0.008000,0.000000,0.000600,0.008000,0.000000,0.000600,0.006000,0.000000,0.000000,1,1,1,90,205,512974,512974,304318,208620,0,61.00,3241,10578,0,0,0,0,0,0.00,0.00,0,0,0.0000,0.0000,0.0000,0.0000,0.0000
2026-04-27T18:46:57.683,1.510,0,0.00,0.00,0.00,0.00,0,0.0000,0.0000,0.3000,0.0000,0.0000,0.0000,0.00,0.00,63.52,59.57,91,26,0.28571,0.28571,0.29670,0.28571,0,0,0,0.00000,0.00000,1.00000,0.0000,0.0000,0.0000,0.0000,0.0000,0.0000,0.00,0.00,0.00,1,1,0.0000,0.0000,0.3000,0.00,0.8500,0.3500,0.9200,6.00,180.00,0.850000,0.000000,0.000000,1.100000,0.000000,0.000000,1.200000,0.000000,0.000000,1.350000,0.000000,0.000000,0.850000,0.020000,0.000000,0.008000,0.000000,0.000600,0.008000,0.000000,0.000600,0.006000,0.000000,0.000000,1,1,1,91,205,512974,512974,304318,208620,0,61.00,3241,10578,0,0,0,0,0,0.00,0.00,0,0,0.0000,0.0000,0.0000,0.0000,0.0000
2026-04-27T18:46:57.693,1.520,0,0.00,0.00,0.00,0.00,0,0.0000,0.0000,0.3000,0.0000,0.0000,0.0000,0.00,0.00,60.69,91.32,92,26,0.28261,0.28261,0.29348,0.28261,0,0,0,0.00000,0.00000,1.00000,0.0000,0.0000,0.0000,0.0000,0.0000,0.0000,0.00,0.00,0.00,1,1,0.0000,0.0000,0.3000,0.00,0.8500,0.3500,0.9200,6.00,180.00,0.850000,0.000000,0.000000,1.100000,0.000000,0.000000,1.200000,0.000000,0.000000,1.350000,0.000000,0.000000,0.850000,0.020000,0.000000,0.008000,0.000000,0.000600,0.008000,0.000000,0.000600,0.006000,0.000000,0.000000,1,1,1,92,205,512974,512974,304318,208620,0,61.00,3241,10578,0,0,0,0,0,0.00,0.00,0,0,0.0000,0.0000,0.0000,0.0000,0.0000
2026-04-27T18:46:57.716,1.543,0,0.00,0.00,0.00,0.00,0,0.0000,0.0000,0.3000,0.0000,0.0000,0.0000,0.00,0.00,113.00,44.36,93,26,0.27957,0.27957,0.29032,0.27957,0,0,0,0.00000,0.00000,1.00000,0.0000,0.0000,0.0000,0.0000,0.0000,0.0000,0.00,0.00,0.00,1,1,0.0000,0.0000,0.3000,0.00,0.8500,0.3500,0.9200,6.00,180.00,0.850000,0.000000,0.000000,1.100000,0.000000,0.000000,1.200000,0.000000,0.000000,1.350000,0.000000,0.000000,0.850000,0.020000,0.000000,0.008000,0.000000,0.000600,0.008000,0.000000,0.000600,0.006000,0.000000,0.000000,1,1,1,93,205,512974,512974,304318,208620,0,61.00,3241,10578,0,0,0,0,0,0.00,0.00,0,0,0.0000,0.0000,0.0000,0.0000,0.0000
2026-04-27T18:46:57.732,1.559,0,0.00,0.00,0.00,0.00,0,0.0000,0.0000,0.3000,0.0000,0.0000,0.0000,0.00,0.00,40.74,58.41,94,26,0.27660,0.27660,0.28723,0.27660,0,0,0,0.00000,0.00000,1.00000,0.0000,0.0000,0.0000,0.0000,0.0000,0.0000,0.00,0.00,0.00,1,1,0.0000,0.0000,0.3000,0.00,0.8500,0.3500,0.9200,6.00,180.00,0.850000,0.000000,0.000000,1.100000,0.000000,0.000000,1.200000,0.000000,0.000000,1.350000,0.000000,0.000000,0.850000,0.020000,0.000000,0.008000,0.000000,0.000600,0.008000,0.000000,0.000600,0.006000,0.000000,0.000000,1,1,1,94,205,512974,512974,304318,208620,0,61.00,3241,10578,0,0,0,0,0,0.00,0.00,0,0,0.0000,0.0000,0.0000,0.0000,0.0000
2026-04-27T18:46:57.750,1.577,0,0.00,0.00,0.00,0.00,0,0.0000,0.0000,0.3000,0.0000,0.0000,0.0000,0.00,0.00,66.15,60.53,95,26,0.27368,0.27368,0.28421,0.27368,0,0,0,0.00000,0.00000,1.00000,0.0000,0.0000,0.0000,0.0000,0.0000,0.0000,0.00,0.00,0.00,1,1,0.0000,0.0000,0.3000,0.00,0.8500,0.3500,0.9200,6.00,180.00,0.850000,0.000000,0.000000,1.100000,0.000000,0.000000,1.200000,0.000000,0.000000,1.350000,0.000000,0.000000,0.850000,0.020000,0.000000,0.008000,0.000000,0.000600,0.008000,0.000000,0.000600,0.006000,0.000000,0.000000,1,1,1,95,205,512974,512974,304318,208620,0,61.00,3241,10578,0,0,0,0,0,0.00,0.00,0,0,0.0000,0.0000,0.0000,0.0000,0.0000
2026-04-27T18:46:57.762,1.589,0,0.00,0.00,0.00,0.00,0,0.0000,0.0000,0.3000,0.0000,0.0000,0.0000,0.00,0.00,57.07,77.20,96,26,0.27083,0.27083,0.28125,0.27083,0,0,0,0.00000,0.00000,1.00000,0.0000,0.0000,0.0000,0.0000,0.0000,0.0000,0.00,0.00,0.00,1,1,0.0000,0.0000,0.3000,0.00,0.8500,0.3500,0.9200,6.00,180.00,0.850000,0.000000,0.000000,1.100000,0.000000,0.000000,1.200000,0.000000,0.000000,1.350000,0.000000,0.000000,0.850000,0.020000,0.000000,0.008000,0.000000,0.000600,0.008000,0.000000,0.000600,0.006000,0.000000,0.000000,1,1,1,96,205,512974,512974,304318,208620,0,61.00,3241,10578,0,0,0,0,0,0.00,0.00,0,0,0.0000,0.0000,0.0000,0.0000,0.0000
2026-04-27T18:46:57.783,1.609,0,0.00,0.00,0.00,0.00,0,0.0000,0.0000,0.3000,0.0000,0.0000,0.0000,0.00,0.00,83.68,63.41,97,26,0.26804,0.26804,0.27835,0.26804,0,0,0,0.00000,0.00000,1.00000,0.0000,0.0000,0.0000,0.0000,0.0000,0.0000,0.00,0.00,0.00,1,1,0.0000,0.0000,0.3000,0.00,0.8500,0.3500,0.9200,6.00,180.00,0.850000,0.000000,0.000000,1.100000,0.000000,0.000000,1.200000,0.000000,0.000000,1.350000,0.000000,0.000000,0.850000,0.020000,0.000000,0.008000,0.000000,0.000600,0.008000,0.000000,0.000600,0.006000,0.000000,0.000000,1,1,1,97,205,512974,512974,304318,208620,0,61.00,3241,10578,0,0,0,0,0,0.00,0.00,0,0,0.0000,0.0000,0.0000,0.0000,0.0000
2026-04-27T18:46:57.795,1.621,0,0.00,0.00,0.00,0.00,0,0.0000,0.0000,0.3000,0.0000,0.0000,0.0000,0.00,0.00,48.13,58.74,98,26,0.26531,0.26531,0.27551,0.26531,0,0,0,0.00000,0.00000,1.00000,0.0000,0.0000,0.0000,0.0000,0.0000,0.0000,0.00,0.00,0.00,1,1,0.0000,0.0000,0.3000,0.00,0.8500,0.3500,0.9200,6.00,180.00,0.850000,0.000000,0.000000,1.100000,0.000000,0.000000,1.200000,0.000000,0.000000,1.350000,0.000000,0.000000,0.850000,0.020000,0.000000,0.008000,0.000000,0.000600,0.008000,0.000000,0.000600,0.006000,0.000000,0.000000,1,1,1,98,205,512974,512974,304318,208620,0,61.00,3241,10578,0,0,0,0,0,0.00,0.00,0,0,0.0000,0.0000,0.0000,0.0000,0.0000
2026-04-27T18:46:57.816,1.643,0,0.00,0.00,0.00,0.00,0,0.0000,0.0000,0.3000,0.0000,0.0000,0.0000,0.00,0.00,83.21,48.34,99,26,0.26263,0.26263,0.27273,0.26263,0,0,0,0.00000,0.00000,1.00000,0.0000,0.0000,0.0000,0.0000,0.0000,0.0000,0.00,0.00,0.00,1,1,0.0000,0.0000,0.3000,0.00,0.8500,0.3500,0.9200,6.00,180.00,0.850000,0.000000,0.000000,1.100000,0.000000,0.000000,1.200000,0.000000,0.000000,1.350000,0.000000,0.000000,0.850000,0.020000,0.000000,0.008000,0.000000,0.000600,0.008000,0.000000,0.000600,0.006000,0.000000,0.000000,1,1,1,99,205,512974,512974,304318,208620,0,61.00,3241,10578,0,0,0,0,0,0.00,0.00,0,0,0.0000,0.0000,0.0000,0.0000,0.0000
2026-04-27T18:46:57.832,1.659,0,0.00,0.00,0.00,0.00,0,0.0000,0.0000,0.3000,0.0000,0.0000,0.0000,0.00,0.00,46.10,60.87,100,26,0.26000,0.26000,0.27000,0.26000,0,0,0,0.00000,0.00000,1.00000,0.0000,0.0000,0.0000,0.0000,0.0000,0.0000,0.00,0.00,0.00,1,1,0.0000,0.0000,0.3000,0.00,0.8500,0.3500,0.9200,6.00,180.00,0.850000,0.000000,0.000000,1.100000,0.000000,0.000000,1.200000,0.000000,0.000000,1.350000,0.000000,0.000000,0.850000,0.020000,0.000000,0.008000,0.000000,0.000600,0.008000,0.000000,0.000600,0.006000,0.000000,0.000000,1,1,1,100,205,512974,512974,304318,208620,0,61.00,3241,10578,0,0,0,0,0,0.00,0.00,0,0,0.0000,0.0000,0.0000,0.0000,0.0000
2026-04-27T18:46:57.850,1.677,0,0.00,0.00,0.00,0.00,0,0.0000,0.0000,0.3000,0.0000,0.0000,0.0000,0.00,0.00,64.83,58.46,101,26,0.25743,0.25743,0.26733,0.25743,0,0,0,0.00000,0.00000,1.00000,0.0000,0.0000,0.0000,0.0000,0.0000,0.0000,0.00,0.00,0.00,1,1,0.0000,0.0000,0.3000,0.00,0.8500,0.3500,0.9200,6.00,180.00,0.850000,0.000000,0.000000,1.100000,0.000000,0.000000,1.200000,0.000000,0.000000,1.350000,0.000000,0.000000,0.850000,0.020000,0.000000,0.008000,0.000000,0.000600,0.008000,0.000000,0.000600,0.006000,0.000000,0.000000,1,1,1,101,205,512974,512974,304318,208620,0,61.00,3241,10578,0,0,0,0,0,0.00,0.00,0,0,0.0000,0.0000,0.0000,0.0000,0.0000
2026-04-27T18:46:57.867,1.693,0,0.00,0.00,0.00,0.00,0,0.0000,0.0000,0.3000,0.0000,0.0000,0.0000,0.00,0.00,55.22,60.37,102,26,0.25490,0.25490,0.26471,0.25490,0,0,0,0.00000,0.00000,1.00000,0.0000,0.0000,0.0000,0.0000,0.0000,0.0000,0.00,0.00,0.00,1,1,0.0000,0.0000,0.3000,0.00,0.8500,0.3500,0.9200,6.00,180.00,0.850000,0.000000,0.000000,1.100000,0.000000,0.000000,1.200000,0.000000,0.000000,1.350000,0.000000,0.000000,0.850000,0.020000,0.000000,0.008000,0.000000,0.000600,0.008000,0.000000,0.000600,0.006000,0.000000,0.000000,1,1,1,102,205,512974,512974,304318,208620,0,61.00,3241,10578,0,0,0,0,0,0.00,0.00,0,0,0.0000,0.0000,0.0000,0.0000,0.0000
2026-04-27T18:46:57.880,1.707,0,0.00,0.00,0.00,0.00,0,0.0000,0.0000,0.3000,0.0000,0.0000,0.0000,0.00,0.00,55.56,67.83,103,26,0.25243,0.25243,0.26214,0.25243,0,0,0,0.00000,0.00000,1.00000,0.0000,0.0000,0.0000,0.0000,0.0000,0.0000,0.00,0.00,0.00,1,1,0.0000,0.0000,0.3000,0.00,0.8500,0.3500,0.9200,6.00,180.00,0.850000,0.000000,0.000000,1.100000,0.000000,0.000000,1.200000,0.000000,0.000000,1.350000,0.000000,0.000000,0.850000,0.020000,0.000000,0.008000,0.000000,0.000600,0.008000,0.000000,0.000600,0.006000,0.000000,0.000000,1,1,1,103,205,512974,512974,304318,208620,0,61.00,3241,10578,0,0,0,0,0,0.00,0.00,0,0,0.0000,0.0000,0.0000,0.0000,0.0000
2026-04-27T18:46:57.899,1.726,0,0.00,0.00,0.00,0.00,0,0.0000,0.0000,0.3000,0.0000,0.0000,0.0000,0.00,0.00,81.27,55.71,104,26,0.25000,0.25000,0.25962,0.25000,0,0,0,0.00000,0.00000,1.00000,0.0000,0.0000,0.0000,0.0000,0.0000,0.0000,0.00,0.00,0.00,1,1,0.0000,0.0000,0.3000,0.00,0.8500,0.3500,0.9200,6.00,180.00,0.850000,0.000000,0.000000,1.100000,0.000000,0.000000,1.200000,0.000000,0.000000,1.350000,0.000000,0.000000,0.850000,0.020000,0.000000,0.008000,0.000000,0.000600,0.008000,0.000000,0.000600,0.006000,0.000000,0.000000,1,1,1,104,205,512974,512974,304318,208620,0,61.00,3241,10578,0,0,0,0,0,0.00,0.00,0,0,0.0000,0.0000,0.0000,0.0000,0.0000
2026-04-27T18:46:57.914,1.740,0,0.00,0.00,0.00,0.00,0,0.0000,0.0000,0.3000,0.0000,0.0000,0.0000,0.00,0.00,49.51,65.08,105,26,0.24762,0.24762,0.25714,0.24762,0,0,0,0.00000,0.00000,1.00000,0.0000,0.0000,0.0000,0.0000,0.0000,0.0000,0.00,0.00,0.00,1,1,0.0000,0.0000,0.3000,0.00,0.8500,0.3500,0.9200,6.00,180.00,0.850000,0.000000,0.000000,1.100000,0.000000,0.000000,1.200000,0.000000,0.000000,1.350000,0.000000,0.000000,0.850000,0.020000,0.000000,0.008000,0.000000,0.000600,0.008000,0.000000,0.000600,0.006000,0.000000,0.000000,1,1,1,105,205,512974,512974,304318,208620,0,61.00,3241,10578,0,0,0,0,0,0.00,0.00,0,0,0.0000,0.0000,0.0000,0.0000,0.0000
2026-04-27T18:46:57.933,1.759,0,0.00,0.00,0.00,0.00,0,0.0000,0.0000,0.3000,0.0000,0.0000,0.0000,0.00,0.00,58.40,56.29,106,26,0.24528,0.24528,0.25472,0.24528,0,0,0,0.00000,0.00000,1.00000,0.0000,0.0000,0.0000,0.0000,0.0000,0.0000,0.00,0.00,0.00,1,1,0.0000,0.0000,0.3000,0.00,0.8500,0.3500,0.9200,6.00,180.00,0.850000,0.000000,0.000000,1.100000,0.000000,0.000000,1.200000,0.000000,0.000000,1.350000,0.000000,0.000000,0.850000,0.020000,0.000000,0.008000,0.000000,0.000600,0.008000,0.000000,0.000600,0.006000,0.000000,0.000000,1,1,1,106,205,512974,512974,304318,208620,0,61.00,3241,10578,0,0,0,0,0,0.00,0.00,0,0,0.0000,0.0000,0.0000,0.0000,0.0000
2026-04-27T18:46:57.950,1.777,0,0.00,0.00,0.00,0.00,0,0.0000,0.0000,0.3000,0.0000,0.0000,0.0000,0.00,0.00,61.63,55.40,107,26,0.24299,0.24299,0.25234,0.24299,0,0,0,0.00000,0.00000,1.00000,0.0000,0.0000,0.0000,0.0000,0.0000,0.0000,0.00,0.00,0.00,1,1,0.0000,0.0000,0.3000,0.00,0.8500,0.3500,0.9200,6.00,180.00,0.850000,0.000000,0.000000,1.100000,0.000000,0.000000,1.200000,0.000000,0.000000,1.350000,0.000000,0.000000,0.850000,0.020000,0.000000,0.008000,0.000000,0.000600,0.008000,0.000000,0.000600,0.006000,0.000000,0.000000,1,1,1,107,205,512974,512974,304318,208620,0,61.00,3241,10578,0,0,0,0,0,0.00,0.00,0,0,0.0000,0.0000,0.0000,0.0000,0.0000
2026-04-27T18:46:57.966,1.792,0,0.00,0.00,0.00,0.00,0,0.0000,0.0000,0.3000,0.0000,0.0000,0.0000,0.00,0.00,58.36,61.75,108,26,0.24074,0.24074,0.25000,0.24074,0,0,0,0.00000,0.00000,1.00000,0.0000,0.0000,0.0000,0.0000,0.0000,0.0000,0.00,0.00,0.00,1,1,0.0000,0.0000,0.3000,0.00,0.8500,0.3500,0.9200,6.00,180.00,0.850000,0.000000,0.000000,1.100000,0.000000,0.000000,1.200000,0.000000,0.000000,1.350000,0.000000,0.000000,0.850000,0.020000,0.000000,0.008000,0.000000,0.000600,0.008000,0.000000,0.000600,0.006000,0.000000,0.000000,1,1,1,108,205,512974,512974,304318,208620,0,61.00,3241,10578,0,0,0,0,0,0.00,0.00,0,0,0.0000,0.0000,0.0000,0.0000,0.0000
2026-04-27T18:46:57.983,1.810,0,0.00,0.00,0.00,0.00,0,0.0000,0.0000,0.3000,0.0000,0.0000,0.0000,0.00,0.00,62.90,60.66,109,26,0.23853,0.23853,0.24771,0.23853,0,0,0,0.00000,0.00000,1.00000,0.0000,0.0000,0.0000,0.0000,0.0000,0.0000,0.00,0.00,0.00,1,1,0.0000,0.0000,0.3000,0.00,0.8500,0.3500,0.9200,6.00,180.00,0.850000,0.000000,0.000000,1.100000,0.000000,0.000000,1.200000,0.000000,0.000000,1.350000,0.000000,0.000000,0.850000,0.020000,0.000000,0.008000,0.000000,0.000600,0.008000,0.000000,0.000600,0.006000,0.000000,0.000000,1,1,1,109,205,512974,512974,304318,208620,0,61.00,3241,10578,0,0,0,0,0,0.00,0.00,0,0,0.0000,0.0000,0.0000,0.0000,0.0000
2026-04-27T18:46:57.999,1.826,0,0.00,0.00,0.00,0.00,0,0.0000,0.0000,0.3000,0.0000,0.0000,0.0000,0.00,0.00,57.67,61.31,110,26,0.23636,0.23636,0.24545,0.23636,0,0,0,0.00000,0.00000,1.00000,0.0000,0.0000,0.0000,0.0000,0.0000,0.0000,0.00,0.00,0.00,1,1,0.0000,0.0000,0.3000,0.00,0.8500,0.3500,0.9200,6.00,180.00,0.850000,0.000000,0.000000,1.100000,0.000000,0.000000,1.200000,0.000000,0.000000,1.350000,0.000000,0.000000,0.850000,0.020000,0.000000,0.008000,0.000000,0.000600,0.008000,0.000000,0.000600,0.006000,0.000000,0.000000,1,1,1,110,205,512974,512974,304318,208620,0,61.00,3241,10578,0,0,0,0,0,0.00,0.00,0,0,0.0000,0.0000,0.0000,0.0000,0.0000
2026-04-27T18:46:58.016,1.843,0,0.00,0.00,0.00,0.00,0,0.0000,0.0000,0.3000,0.0000,0.0000,0.0000,0.00,0.00,60.93,59.18,111,26,0.23423,0.23423,0.24324,0.23423,0,0,0,0.00000,0.00000,1.00000,0.0000,0.0000,0.0000,0.0000,0.0000,0.0000,0.00,0.00,0.00,1,1,0.0000,0.0000,0.3000,0.00,0.8500,0.3500,0.9200,6.00,180.00,0.850000,0.000000,0.000000,1.100000,0.000000,0.000000,1.200000,0.000000,0.000000,1.350000,0.000000,0.000000,0.850000,0.020000,0.000000,0.008000,0.000000,0.000600,0.008000,0.000000,0.000600,0.006000,0.000000,0.000000,1,1,1,111,205,512974,512974,304318,208620,0,61.00,3241,10578,0,0,0,0,0,0.00,0.00,0,0,0.0000,0.0000,0.0000,0.0000,0.0000
2026-04-27T18:46:58.033,1.859,0,0.00,0.00,0.00,0.00,0,0.0000,0.0000,0.3000,0.0000,0.0000,0.0000,0.00,0.00,63.74,60.76,112,26,0.23214,0.23214,0.24107,0.23214,0,0,0,0.00000,0.00000,1.00000,0.0000,0.0000,0.0000,0.0000,0.0000,0.0000,0.00,0.00,0.00,1,1,0.0000,0.0000,0.3000,0.00,0.8500,0.3500,0.9200,6.00,180.00,0.850000,0.000000,0.000000,1.100000,0.000000,0.000000,1.200000,0.000000,0.000000,1.350000,0.000000,0.000000,0.850000,0.020000,0.000000,0.008000,0.000000,0.000600,0.008000,0.000000,0.000600,0.006000,0.000000,0.000000,1,1,1,112,205,512974,512974,304318,208620,0,61.00,3241,10578,0,0,0,0,0,0.00,0.00,0,0,0.0000,0.0000,0.0000,0.0000,0.0000
2026-04-27T18:46:58.049,1.876,0,0.00,0.00,0.00,0.00,0,0.0000,0.0000,0.3000,0.0000,0.0000,0.0000,0.00,0.00,60.75,60.22,113,26,0.23009,0.23009,0.23894,0.23009,0,0,0,0.00000,0.00000,1.00000,0.0000,0.0000,0.0000,0.0000,0.0000,0.0000,0.00,0.00,0.00,1,1,0.0000,0.0000,0.3000,0.00,0.8500,0.3500,0.9200,6.00,180.00,0.850000,0.000000,0.000000,1.100000,0.000000,0.000000,1.200000,0.000000,0.000000,1.350000,0.000000,0.000000,0.850000,0.020000,0.000000,0.008000,0.000000,0.000600,0.008000,0.000000,0.000600,0.006000,0.000000,0.000000,1,1,1,113,205,512974,512974,304318,208620,0,61.00,3241,10578,0,0,0,0,0,0.00,0.00,0,0,0.0000,0.0000,0.0000,0.0000,0.0000
2026-04-27T18:46:58.067,1.893,0,0.00,0.00,0.00,0.00,0,0.0000,0.0000,0.3000,0.0000,0.0000,0.0000,0.00,0.00,60.23,58.37,114,26,0.22807,0.22807,0.23684,0.22807,0,0,0,0.00000,0.00000,1.00000,0.0000,0.0000,0.0000,0.0000,0.0000,0.0000,0.00,0.00,0.00,1,1,0.0000,0.0000,0.3000,0.00,0.8500,0.3500,0.9200,6.00,180.00,0.850000,0.000000,0.000000,1.100000,0.000000,0.000000,1.200000,0.000000,0.000000,1.350000,0.000000,0.000000,0.850000,0.020000,0.000000,0.008000,0.000000,0.000600,0.008000,0.000000,0.000600,0.006000,0.000000,0.000000,1,1,1,114,205,512974,512974,304318,208620,0,61.00,3241,10578,0,0,0,0,0,0.00,0.00,0,0,0.0000,0.0000,0.0000,0.0000,0.0000
2026-04-27T18:46:58.084,1.911,0,0.00,0.00,0.00,0.00,0,0.0000,0.0000,0.3000,0.0000,0.0000,0.0000,0.00,0.00,57.74,61.41,115,26,0.22609,0.22609,0.23478,0.22609,0,0,0,0.00000,0.00000,1.00000,0.0000,0.0000,0.0000,0.0000,0.0000,0.0000,0.00,0.00,0.00,1,1,0.0000,0.0000,0.3000,0.00,0.8500,0.3500,0.9200,6.00,180.00,0.850000,0.000000,0.000000,1.100000,0.000000,0.000000,1.200000,0.000000,0.000000,1.350000,0.000000,0.000000,0.850000,0.020000,0.000000,0.008000,0.000000,0.000600,0.008000,0.000000,0.000600,0.006000,0.000000,0.000000,1,1,1,115,205,512974,512974,304318,208620,0,61.00,3241,10578,0,0,0,0,0,0.00,0.00,0,0,0.0000,0.0000,0.0000,0.0000,0.0000
2026-04-27T18:46:58.098,1.925,0,0.00,0.00,0.00,0.00,0,0.0000,0.0000,0.3000,0.0000,0.0000,0.0000,0.00,0.00,54.20,59.89,116,26,0.22414,0.22414,0.23276,0.22414,0,0,0,0.00000,0.00000,1.00000,0.0000,0.0000,0.0000,0.0000,0.0000,0.0000,0.00,0.00,0.00,1,1,0.0000,0.0000,0.3000,0.00,0.8500,0.3500,0.9200,6.00,180.00,0.850000,0.000000,0.000000,1.100000,0.000000,0.000000,1.200000,0.000000,0.000000,1.350000,0.000000,0.000000,0.850000,0.020000,0.000000,0.008000,0.000000,0.000600,0.008000,0.000000,0.000600,0.006000,0.000000,0.000000,1,1,1,116,205,512974,512974,304318,208620,0,61.00,3241,10578,0,0,0,0,0,0.00,0.00,0,0,0.0000,0.0000,0.0000,0.0000,0.0000
2026-04-27T18:46:58.116,1.943,0,0.00,0.00,0.00,0.00,0,0.0000,0.0000,0.3000,0.0000,0.0000,0.0000,0.00,0.00,64.48,66.30,117,26,0.22222,0.22222,0.23077,0.22222,0,0,0,0.00000,0.00000,1.00000,0.0000,0.0000,0.0000,0.0000,0.0000,0.0000,0.00,0.00,0.00,1,1,0.0000,0.0000,0.3000,0.00,0.8500,0.3500,0.9200,6.00,180.00,0.850000,0.000000,0.000000,1.100000,0.000000,0.000000,1.200000,0.000000,0.000000,1.350000,0.000000,0.000000,0.850000,0.020000,0.000000,0.008000,0.000000,0.000600,0.008000,0.000000,0.000600,0.006000,0.000000,0.000000,1,1,1,117,205,512974,512974,304318,208620,0,61.00,3241,10578,0,0,0,0,0,0.00,0.00,0,0,0.0000,0.0000,0.0000,0.0000,0.0000
2026-04-27T18:46:58.133,1.960,0,0.00,0.00,0.00,0.00,0,0.0000,0.0000,0.3000,0.0000,0.0000,0.0000,0.00,0.00,65.55,54.93,118,26,0.22034,0.22034,0.22881,0.22034,0,0,0,0.00000,0.00000,1.00000,0.0000,0.0000,0.0000,0.0000,0.0000,0.0000,0.00,0.00,0.00,1,1,0.0000,0.0000,0.3000,0.00,0.8500,0.3500,0.9200,6.00,180.00,0.850000,0.000000,0.000000,1.100000,0.000000,0.000000,1.200000,0.000000,0.000000,1.350000,0.000000,0.000000,0.850000,0.020000,0.000000,0.008000,0.000000,0.000600,0.008000,0.000000,0.000600,0.006000,0.000000,0.000000,1,1,1,118,205,512974,512974,304318,208620,0,61.00,3241,10578,0,0,0,0,0,0.00,0.00,0,0,0.0000,0.0000,0.0000,0.0000,0.0000
2026-04-27T18:46:58.149,1.976,0,0.00,0.00,0.00,0.00,0,0.0000,0.0000,0.3000,0.0000,0.0000,0.0000,0.00,0.00,55.77,60.32,119,26,0.21849,0.21849,0.22689,0.21849,0,0,0,0.00000,0.00000,1.00000,0.0000,0.0000,0.0000,0.0000,0.0000,0.0000,0.00,0.00,0.00,1,1,0.0000,0.0000,0.3000,0.00,0.8500,0.3500,0.9200,6.00,180.00,0.850000,0.000000,0.000000,1.100000,0.000000,0.000000,1.200000,0.000000,0.000000,1.350000,0.000000,0.000000,0.850000,0.020000,0.000000,0.008000,0.000000,0.000600,0.008000,0.000000,0.000600,0.006000,0.000000,0.000000,1,1,1,119,205,512974,512974,304318,208620,0,61.00,3241,10578,0,0,0,0,0,0.00,0.00,0,0,0.0000,0.0000,0.0000,0.0000,0.0000
2026-04-27T18:46:58.159,1.986,0,0.00,0.00,0.00,0.00,0,0.0000,0.0000,0.3000,0.0000,0.0000,0.0000,0.00,0.00,57.09,95.10,120,26,0.21667,0.21667,0.22500,0.21667,0,0,0,0.00000,0.00000,1.00000,0.0000,0.0000,0.0000,0.0000,0.0000,0.0000,0.00,0.00,0.00,1,1,0.0000,0.0000,0.3000,0.00,0.8500,0.3500,0.9200,6.00,180.00,0.850000,0.000000,0.000000,1.100000,0.000000,0.000000,1.200000,0.000000,0.000000,1.350000,0.000000,0.000000,0.850000,0.020000,0.000000,0.008000,0.000000,0.000600,0.008000,0.000000,0.000600,0.006000,0.000000,0.000000,1,1,1,120,205,512974,512974,304318,208620,0,61.00,3241,10578,0,0,0,0,0,0.00,0.00,0,0,0.0000,0.0000,0.0000,0.0000,0.0000
